Workbook

Sheet Справка
A1: Расчёт систем внутреннего водопровода В1 и канализации К1 жилого здания — курсовой проект, вариант 3 (НИУ МГСУ, кафедра «Водоснабжение и водоотведение»)
A3: Как пользоваться:
A4: 1. Жёлтые ячейки с синим шрифтом — исходные данные; их можно менять. Всё остальное считается формулами.
A5: 2. Лист «Исходные»: этажность, секции, заселённость, типы квартир и приборы, тип водопотребителей (выпадающий список по табл. А.2).
A6: 3. Лист «Расходы»: суточные, среднечасовые, секундные и часовые расходы общей, горячей и холодной воды (как на занятиях).
A7: 4. Лист «В1»: гидравлический расчёт по диктующему направлению — длины, числа приборов и диаметры вводятся, α, q, v, 1000i, потери считаются.
A8: 5. Лист «Напор»: подбор счётчиков, требуемый напор, напор и подача насосной установки, проверка гидростатического напора по этажам.
A9: 6. Лист «К1»: стояки, горизонтальные участки (K_s, q^sL, h/d, V, условие незасоряемости), отметки лотков и глубина колодцев.
A10: 7. Листы «ТаблА2», «ТаблБ1», «ТаблБ2», «Табл5_1», «Табл12_1», «Трубы», «Павловский» — справочные таблицы СП и вспомогательные расчёты.
A12: Нормативная база: СП 30.13330.2020 «Внутренний водопровод и канализация зданий» (с изменениями № 1–5); СП 32.13330.2018 «Канализация. Наружные сети и сооружения» (с изменениями);
A13: Ф.А. Шевелёв, А.Ф. Шевелёв «Таблицы для гидравлического расчёта водопроводных труб»; А.А. Лукиных, Н.А. Лукиных «Таблицы для гидравлического расчёта канализационных сетей и дюкеров».
A15: α определяется по табл. Б.2 (при P > 0,1 и N ≤ 200 — по табл. Б.1) с линейной интерполяцией между строками: y = y1 + (x − x1)·(y2 − y1)/(x2 − x1).
... A18: Условные обозначения: синий — исходные данные; чёрный — формулы; зелёный — ссылки на другие листы; светло-зелёная заливка — основные результаты.

Sheet Исходные
A1: Исходные данные (вариант 3). Жёлтые ячейки — вводимые данные, остальное считается формулами
A3: Этажность n_эт | B3: 11
A4: Число секций n_сек | B4: 2
A5: Заселённость N_кв.жит, чел./кв. | B5: 3.8
A6: Высота этажа, м | B6: 3.2
A7: Расчётное время T, ч | B7: 24
A8: Гарантийный напор H_гар, м | B8: 14
A9: Глубина промерзания, м | B9: 1.7
A11: Водопотребители (табл. А.2) | B11: ванны от 1500 мм с душами
A13: Квартиры на этаже одной секции
A14: Тип квартиры | B14: Квартир на этаже секции | C14: Приборов с холодной водой | D14: Приборов с горячей водой
A15: 3–4-комнатная (санузел + кухня: мойка, умывальник, ванна, унитаз) | B15: 3 | C15: 4 | D15: 3
A16: — | B16: 0 | C16: 0 | D16: 0
A17: — | B17: 0 | C17: 0 | D17: 0
A19: Квартир на этаже здания n_кв | B19: =SUM(B15:B17)*B4 -> 6 | C19: Σ квартир секции × n_сек
A20: Всего квартир | B20: =B19*B3 -> 66 | C20: n_кв · n_эт
A21: Число водопотребителей U, чел. | B21: =ROUNDUP(B5*B19*B3,0) -> 251 | C21: U = N_кв.жит · n_кв · n_эт (округление вверх)
A22: Число приборов N (холодная и общая вода) | B22: =SUMPRODUCT(B15:B17,C15:C17)*B4*B3 -> 264 | C22: N = Σ(n_пр · n_кв) · n_эт
A23: Число приборов N^h (горячая вода) | B23: =SUMPRODUCT(B15:B17,D15:D17)*B4*B3 -> 198 | C23: без унитазов
A25: Нормы по табл. А.2 для выбранных водопотребителей
A26: q_u^tot, л/сут | B26: =INDEX(A2_TAB,MATCH($B$11,A2_NAME,0),2) -> 180
A27: q_u^h, л/сут | B27: =INDEX(A2_TAB,MATCH($B$11,A2_NAME,0),3) -> 70
A28: q_hr,u^tot, л/ч | B28: =INDEX(A2_TAB,MATCH($B$11,A2_NAME,0),4) -> 11.6
A29: q_hr,u^h, л/ч | B29: =INDEX(A2_TAB,MATCH($B$11,A2_NAME,0),5) -> 6.5
A30: q_0^tot, л/с | B30: =INDEX(A2_TAB,MATCH($B$11,A2_NAME,0),6) -> 0.3
A31: q_0,hr^tot, л/ч | B31: =INDEX(A2_TAB,MATCH($B$11,A2_NAME,0),7) -> 300
A32: q_0^c=q_0^h, л/с | B32: =INDEX(A2_TAB,MATCH($B$11,A2_NAME,0),8) -> 0.2
A33: q_0,hr^c, л/ч | B33: =INDEX(A2_TAB,MATCH($B$11,A2_NAME,0),9) -> 200
A35: Условные обозначения: синий шрифт на жёлтом — исходные данные; чёрный — формулы; зелёный — ссылки на другие листы.

Sheet Расходы
A1: Расчёт расходов воды (СП 30.13330.2020, разд. 5): суточные, среднечасовые, секундные, часовые
A3: Вода | B3: T, ч | C3: U | D3: N | E3: q_u, л/сут | F3: q_hr,u, л/ч | G3: q_0, л/с | H3: q_0,hr, л/ч | I3: q_u,m, м³/сут | J3: q_T, м³/ч | K3: P | L3: NP | M3: α | N3: q, л/с | O3: P_hr | P3: NP_hr | Q3: α_hr | R3: q_hr, м³/ч
A4: tot | B4: =Исходные!$B$7 -> 24 | C4: =Исходные!$B$21 -> 251 | D4: =Исходные!B22 -> 264 | E4: =Исходные!B26 -> 180 | F4: =Исходные!B28 -> 11.6 | G4: =Исходные!B30 -> 0.3 | H4: =Исходные!B31 -> 300 | I4: =E4*C4/1000 -> 45.18 | J4: =I4/B4 -> 1.8825 | K4: =F4*C4/(G4*D4*3600) -> 0.010211841 | L4: =D4*K4 -> 2.6959259 | M4: =IF(AND(K4>0.1,D4<=200),((1-MIN(1,(MAX(D4,INDEX(B1_N,1))-INDEX(B1_N,MIN(MATCH(MAX(D4,INDEX(B1_N,1)),B1_N,1),ROWS(B1_N)-1)))/(INDEX(B1_N,MIN(MATCH(MAX(D4,INDEX(B1_N,1)),B1_N,1),ROWS(B1_N)-1)+1)-INDEX(B1_N,MIN(MATCH(MAX(D4,INDEX(B1_N,1)),B1_N,1),ROWS(B1_N)-1)))))*((1-MIN(1,(K4-INDEX(B1_P,1,MIN(MATCH(K4,B1_P,1),COLUMNS(B1_P)-1)))/(INDEX(B1_P,1,MIN(MATCH(K4,B1_P,1),COLUMNS(B1_P)-1)+1)-INDEX(B1_P,1,MIN(MATCH(K4,B1_P,1),COLUMNS(B1_P)-1)))))*INDEX(B1_G,MIN(MATCH(MAX(D4,INDEX(B1_N,1)),B1_N,1),ROWS(B1_N)-1),MIN(MATCH(K4,B1_P,1),COLUMNS(B1_P)-1))+MIN(1,(K4-INDEX(B1_P,1,MIN(MATCH(K4,B1_P,1),COLUMNS(B1_P)-1)))/(INDEX(B1_P,1,MIN(MATCH(K4,B1_P,1),COLUMNS(B1_P)-1)+1)-INDEX(B1_P,1,MIN(MATCH(K4,B1_P,1),COLUMNS(B1_P)-1))))*INDEX(B1_G,MIN(MATCH(MAX(D4,INDEX(B1_N,1)),B1_N,1),ROWS(B1_N)-1),MIN(MATCH(K4,B1_P,1),COLUMNS(B1_P)-1)+1))+MIN(1,(MAX(D4,INDEX(B1_N,1))-INDEX(B1_N,MIN(MATCH(MAX(D4,INDEX(B1_N,1)),B1_N,1),ROWS(B1_N)-1)))/(INDEX(B1_N,MIN(MATCH(MAX(D4,INDEX(B1_N,1)),B1_N,1),ROWS(B1_N)-1)+1)-INDEX(B1_N,MIN(MATCH(MAX(D4,INDEX(B1_N,1)),B1_N,1),ROWS(B1_N)-1))))*((1-MIN(1,(K4-INDEX(B1_P,1,MIN(MATCH(K4,B1_P,1),COLUMNS(B1_P)-1)))/(INDEX(B1_P,1,MIN(MATCH(K4,B1_P,1),COLUMNS(B1_P)-1)+1)-INDEX(B1_P,1,MIN(MATCH(K4,B1_P,1),COLUMNS(B1_P)-1)))))*INDEX(B1_G,MIN(MATCH(MAX(D4,INDEX(B1_N,1)),B1_N,1),ROWS(B1_N)-1)+1,MIN(MATCH(K4,B1_P,1),COLUMNS(B1_P)-1))+MIN(1,(K4-INDEX(B1_P,1,MIN(MATCH(K4,B1_P,1),COLUMNS(B1_P)-1)))/(INDEX(B1_P,1,MIN(MATCH(K4,B1_P,1),COLUMNS(B1_P)-1)+1)-INDEX(B1_P,1,MIN(MATCH(K4,B1_P,1),COLUMNS(B1_P)-1))))*INDEX(B1_G,MIN(MATCH(MAX(D4,INDEX(B1_N,1)),B1_N,1),ROWS(B1_N)-1)+1,MIN(MATCH(K4,B1_P,1),COLUMNS(B1_P)-1)+1))),IF((D4*K4)<INDEX(B2_NP,1),0.2,IF((D4*K4)>=INDEX(B2_NP,ROWS(B2_NP)),INDEX(B2_A,ROWS(B2_NP)),INDEX(B2_A,MATCH((D4*K4),B2_NP,1))+((D4*K4)-INDEX(B2_NP,MATCH((D4*K4),B2_NP,1)))*(INDEX(B2_A,MATCH((D4*K4),B2_NP,1)+1)-INDEX(B2_A,MATCH((D4*K4),B2_NP,1)))/(INDEX(B2_NP,MATCH((D4*K4),B2_NP,1)+1)-INDEX(B2_NP,MATCH((D4*K4),B2_NP,1)))))) -> 1.7223704 | N4: =5*G4*M4 -> 2.5835556 | O4: =3600*K4*G4/H4 -> 0.036762626 | P4: =D4*O4 -> 9.7053333 | Q4: =IF(AND(O4>0.1,D4<=200),((1-MIN(1,(MAX(D4,INDEX(B1_N,1))-INDEX(B1_N,MIN(MATCH(MAX(D4,INDEX(B1_N,1)),B1_N,1),ROWS(B1_N)-1)))/(INDEX(B1_N,MIN(MATCH(MAX(D4,INDEX(B1_N,1)),B1_N,1),ROWS(B1_N)-1)+1)-INDEX(B1_N,MIN(MATCH(MAX(D4,INDEX(B1_N,1)),B1_N,1),ROWS(B1_N)-1)))))*((1-MIN(1,(O4-INDEX(B1_P,1,MIN(MATCH(O4,B1_P,1),COLUMNS(B1_P)-1)))/(INDEX(B1_P,1,MIN(MATCH(O4,B1_P,1),COLUMNS(B1_P)-1)+1)-INDEX(B1_P,1,MIN(MATCH(O4,B1_P,1),COLUMNS(B1_P)-1)))))*INDEX(B1_G,MIN(MATCH(MAX(D4,INDEX(B1_N,1)),B1_N,1),ROWS(B1_N)-1),MIN(MATCH(O4,B1_P,1),COLUMNS(B1_P)-1))+MIN(1,(O4-INDEX(B1_P,1,MIN(MATCH(O4,B1_P,1),COLUMNS(B1_P)-1)))/(INDEX(B1_P,1,MIN(MATCH(O4,B1_P,1),COLUMNS(B1_P)-1)+1)-INDEX(B1_P,1,MIN(MATCH(O4,B1_P,1),COLUMNS(B1_P)-1))))*INDEX(B1_G,MIN(MATCH(MAX(D4,INDEX(B1_N,1)),B1_N,1),ROWS(B1_N)-1),MIN(MATCH(O4,B1_P,1),COLUMNS(B1_P)-1)+1))+MIN(1,(MAX(D4,INDEX(B1_N,1))-INDEX(B1_N,MIN(MATCH(MAX(D4,INDEX(B1_N,1)),B1_N,1),ROWS(B1_N)-1)))/(INDEX(B1_N,MIN(MATCH(MAX(D4,INDEX(B1_N,1)),B1_N,1),ROWS(B1_N)-1)+1)-INDEX(B1_N,MIN(MATCH(MAX(D4,INDEX(B1_N,1)),B1_N,1),ROWS(B1_N)-1))))*((1-MIN(1,(O4-INDEX(B1_P,1,MIN(MATCH(O4,B1_P,1),COLUMNS(B1_P)-1)))/(INDEX(B1_P,1,MIN(MATCH(O4,B1_P,1),COLUMNS(B1_P)-1)+1)-INDEX(B1_P,1,MIN(MATCH(O4,B1_P,1),COLUMNS(B1_P)-1)))))*INDEX(B1_G,MIN(MATCH(MAX(D4,INDEX(B1_N,1)),B1_N,1),ROWS(B1_N)-1)+1,MIN(MATCH(O4,B1_P,1),COLUMNS(B1_P)-1))+MIN(1,(O4-INDEX(B1_P,1,MIN(MATCH(O4,B1_P,1),COLUMNS(B1_P)-1)))/(INDEX(B1_P,1,MIN(MATCH(O4,B1_P,1),COLUMNS(B1_P)-1)+1)-INDEX(B1_P,1,MIN(MATCH(O4,B1_P,1),COLUMNS(B1_P)-1))))*INDEX(B1_G,MIN(MATCH(MAX(D4,INDEX(B1_N,1)),B1_N,1),ROWS(B1_N)-1)+1,MIN(MATCH(O4,B1_P,1),COLUMNS(B1_P)-1)+1))),IF((D4*O4)<INDEX(B2_NP,1),0.2,IF((D4*O4)>=INDEX(B2_NP,ROWS(B2_NP)),INDEX(B2_A,ROWS(B2_NP)),INDEX(B2_A,MATCH((D4*O4),B2_NP,1))+((D4*O4)-INDEX(B2_NP,MATCH((D4*O4),B2_NP,1)))*(INDEX(B2_A,MATCH((D4*O4),B2_NP,1)+1)-INDEX(B2_A,MATCH((D4*O4),B2_NP,1)))/(INDEX(B2_NP,MATCH((D4*O4),B2_NP,1)+1)-INDEX(B2_NP,MATCH((D4*O4),B2_NP,1)))))) -> 4.0386 | R4: =0.005*Q4*H4 -> 6.0579
A5: h | B5: =Исходные!$B$7 -> 24 | C5: =Исходные!$B$21 -> 251 | D5: =Исходные!B23 -> 198 | E5: =Исходные!B27 -> 70 | F5: =Исходные!B29 -> 6.5 | G5: =Исходные!B32 -> 0.2 | H5: =Исходные!B33 -> 200 | I5: =E5*C5/1000 -> 17.57 | J5: =I5/B5 -> 0.73208333 | K5: =F5*C5/(G5*D5*3600) -> 0.011444304 | L5: =D5*K5 -> 2.2659722 | M5: =IF(AND(K5>0.1,D5<=200),((1-MIN(1,(MAX(D5,INDEX(B1_N,1))-INDEX(B1_N,MIN(MATCH(MAX(D5,INDEX(B1_N,1)),B1_N,1),ROWS(B1_N)-1)))/(INDEX(B1_N,MIN(MATCH(MAX(D5,INDEX(B1_N,1)),B1_N,1),ROWS(B1_N)-1)+1)-INDEX(B1_N,MIN(MATCH(MAX(D5,INDEX(B1_N,1)),B1_N,1),ROWS(B1_N)-1)))))*((1-MIN(1,(K5-INDEX(B1_P,1,MIN(MATCH(K5,B1_P,1),COLUMNS(B1_P)-1)))/(INDEX(B1_P,1,MIN(MATCH(K5,B1_P,1),COLUMNS(B1_P)-1)+1)-INDEX(B1_P,1,MIN(MATCH(K5,B1_P,1),COLUMNS(B1_P)-1)))))*INDEX(B1_G,MIN(MATCH(MAX(D5,INDEX(B1_N,1)),B1_N,1),ROWS(B1_N)-1),MIN(MATCH(K5,B1_P,1),COLUMNS(B1_P)-1))+MIN(1,(K5-INDEX(B1_P,1,MIN(MATCH(K5,B1_P,1),COLUMNS(B1_P)-1)))/(INDEX(B1_P,1,MIN(MATCH(K5,B1_P,1),COLUMNS(B1_P)-1)+1)-INDEX(B1_P,1,MIN(MATCH(K5,B1_P,1),COLUMNS(B1_P)-1))))*INDEX(B1_G,MIN(MATCH(MAX(D5,INDEX(B1_N,1)),B1_N,1),ROWS(B1_N)-1),MIN(MATCH(K5,B1_P,1),COLUMNS(B1_P)-1)+1))+MIN(1,(MAX(D5,INDEX(B1_N,1))-INDEX(B1_N,MIN(MATCH(MAX(D5,INDEX(B1_N,1)),B1_N,1),ROWS(B1_N)-1)))/(INDEX(B1_N,MIN(MATCH(MAX(D5,INDEX(B1_N,1)),B1_N,1),ROWS(B1_N)-1)+1)-INDEX(B1_N,MIN(MATCH(MAX(D5,INDEX(B1_N,1)),B1_N,1),ROWS(B1_N)-1))))*((1-MIN(1,(K5-INDEX(B1_P,1,MIN(MATCH(K5,B1_P,1),COLUMNS(B1_P)-1)))/(INDEX(B1_P,1,MIN(MATCH(K5,B1_P,1),COLUMNS(B1_P)-1)+1)-INDEX(B1_P,1,MIN(MATCH(K5,B1_P,1),COLUMNS(B1_P)-1)))))*INDEX(B1_G,MIN(MATCH(MAX(D5,INDEX(B1_N,1)),B1_N,1),ROWS(B1_N)-1)+1,MIN(MATCH(K5,B1_P,1),COLUMNS(B1_P)-1))+MIN(1,(K5-INDEX(B1_P,1,MIN(MATCH(K5,B1_P,1),COLUMNS(B1_P)-1)))/(INDEX(B1_P,1,MIN(MATCH(K5,B1_P,1),COLUMNS(B1_P)-1)+1)-INDEX(B1_P,1,MIN(MATCH(K5,B1_P,1),COLUMNS(B1_P)-1))))*INDEX(B1_G,MIN(MATCH(MAX(D5,INDEX(B1_N,1)),B1_N,1),ROWS(B1_N)-1)+1,MIN(MATCH(K5,B1_P,1),COLUMNS(B1_P)-1)+1))),IF((D5*K5)<INDEX(B2_NP,1),0.2,IF((D5*K5)>=INDEX(B2_NP,ROWS(B2_NP)),INDEX(B2_A,ROWS(B2_NP)),INDEX(B2_A,MATCH((D5*K5),B2_NP,1))+((D5*K5)-INDEX(B2_NP,MATCH((D5*K5),B2_NP,1)))*(INDEX(B2_A,MATCH((D5*K5),B2_NP,1)+1)-INDEX(B2_A,MATCH((D5*K5),B2_NP,1)))/(INDEX(B2_NP,MATCH((D5*K5),B2_NP,1)+1)-INDEX(B2_NP,MATCH((D5*K5),B2_NP,1)))))) -> 1.5487083 | N5: =5*G5*M5 -> 1.5487083 | O5: =3600*K5*G5/H5 -> 0.041199495 | P5: =D5*O5 -> 8.1575 | Q5: =IF(AND(O5>0.1,D5<=200),((1-MIN(1,(MAX(D5,INDEX(B1_N,1))-INDEX(B1_N,MIN(MATCH(MAX(D5,INDEX(B1_N,1)),B1_N,1),ROWS(B1_N)-1)))/(INDEX(B1_N,MIN(MATCH(MAX(D5,INDEX(B1_N,1)),B1_N,1),ROWS(B1_N)-1)+1)-INDEX(B1_N,MIN(MATCH(MAX(D5,INDEX(B1_N,1)),B1_N,1),ROWS(B1_N)-1)))))*((1-MIN(1,(O5-INDEX(B1_P,1,MIN(MATCH(O5,B1_P,1),COLUMNS(B1_P)-1)))/(INDEX(B1_P,1,MIN(MATCH(O5,B1_P,1),COLUMNS(B1_P)-1)+1)-INDEX(B1_P,1,MIN(MATCH(O5,B1_P,1),COLUMNS(B1_P)-1)))))*INDEX(B1_G,MIN(MATCH(MAX(D5,INDEX(B1_N,1)),B1_N,1),ROWS(B1_N)-1),MIN(MATCH(O5,B1_P,1),COLUMNS(B1_P)-1))+MIN(1,(O5-INDEX(B1_P,1,MIN(MATCH(O5,B1_P,1),COLUMNS(B1_P)-1)))/(INDEX(B1_P,1,MIN(MATCH(O5,B1_P,1),COLUMNS(B1_P)-1)+1)-INDEX(B1_P,1,MIN(MATCH(O5,B1_P,1),COLUMNS(B1_P)-1))))*INDEX(B1_G,MIN(MATCH(MAX(D5,INDEX(B1_N,1)),B1_N,1),ROWS(B1_N)-1),MIN(MATCH(O5,B1_P,1),COLUMNS(B1_P)-1)+1))+MIN(1,(MAX(D5,INDEX(B1_N,1))-INDEX(B1_N,MIN(MATCH(MAX(D5,INDEX(B1_N,1)),B1_N,1),ROWS(B1_N)-1)))/(INDEX(B1_N,MIN(MATCH(MAX(D5,INDEX(B1_N,1)),B1_N,1),ROWS(B1_N)-1)+1)-INDEX(B1_N,MIN(MATCH(MAX(D5,INDEX(B1_N,1)),B1_N,1),ROWS(B1_N)-1))))*((1-MIN(1,(O5-INDEX(B1_P,1,MIN(MATCH(O5,B1_P,1),COLUMNS(B1_P)-1)))/(INDEX(B1_P,1,MIN(MATCH(O5,B1_P,1),COLUMNS(B1_P)-1)+1)-INDEX(B1_P,1,MIN(MATCH(O5,B1_P,1),COLUMNS(B1_P)-1)))))*INDEX(B1_G,MIN(MATCH(MAX(D5,INDEX(B1_N,1)),B1_N,1),ROWS(B1_N)-1)+1,MIN(MATCH(O5,B1_P,1),COLUMNS(B1_P)-1))+MIN(1,(O5-INDEX(B1_P,1,MIN(MATCH(O5,B1_P,1),COLUMNS(B1_P)-1)))/(INDEX(B1_P,1,MIN(MATCH(O5,B1_P,1),COLUMNS(B1_P)-1)+1)-INDEX(B1_P,1,MIN(MATCH(O5,B1_P,1),COLUMNS(B1_P)-1))))*INDEX(B1_G,MIN(MATCH(MAX(D5,INDEX(B1_N,1)),B1_N,1),ROWS(B1_N)-1)+1,MIN(MATCH(O5,B1_P,1),COLUMNS(B1_P)-1)+1))),IF((D5*O5)<INDEX(B2_NP,1),0.2,IF((D5*O5)>=INDEX(B2_NP,ROWS(B2_NP)),INDEX(B2_A,ROWS(B2_NP)),INDEX(B2_A,MATCH((D5*O5),B2_NP,1))+((D5*O5)-INDEX(B2_NP,MATCH((D5*O5),B2_NP,1)))*(INDEX(B2_A,MATCH((D5*O5),B2_NP,1)+1)-INDEX(B2_A,MATCH((D5*O5),B2_NP,1)))/(INDEX(B2_NP,MATCH((D5*O5),B2_NP,1)+1)-INDEX(B2_NP,MATCH((D5*O5),B2_NP,1)))))) -> 3.57225 | R5: =0.005*Q5*H5 -> 3.57225
A6: c | B6: =Исходные!$B$7 -> 24 | C6: =Исходные!$B$21 -> 251 | D6: =Исходные!B22 -> 264 | E6: =Исходные!B26-Исходные!B27 -> 110 | F6: =Исходные!B28-Исходные!B29 -> 5.1 | G6: =Исходные!B32 -> 0.2 | H6: =Исходные!B33 -> 200 | I6: =E6*C6/1000 -> 27.61 | J6: =I6/B6 -> 1.1504167 | K6: =F6*C6/(G6*D6*3600) -> 0.0067345328 | L6: =D6*K6 -> 1.7779167 | M6: =IF(AND(K6>0.1,D6<=200),((1-MIN(1,(MAX(D6,INDEX(B1_N,1))-INDEX(B1_N,MIN(MATCH(MAX(D6,INDEX(B1_N,1)),B1_N,1),ROWS(B1_N)-1)))/(INDEX(B1_N,MIN(MATCH(MAX(D6,INDEX(B1_N,1)),B1_N,1),ROWS(B1_N)-1)+1)-INDEX(B1_N,MIN(MATCH(MAX(D6,INDEX(B1_N,1)),B1_N,1),ROWS(B1_N)-1)))))*((1-MIN(1,(K6-INDEX(B1_P,1,MIN(MATCH(K6,B1_P,1),COLUMNS(B1_P)-1)))/(INDEX(B1_P,1,MIN(MATCH(K6,B1_P,1),COLUMNS(B1_P)-1)+1)-INDEX(B1_P,1,MIN(MATCH(K6,B1_P,1),COLUMNS(B1_P)-1)))))*INDEX(B1_G,MIN(MATCH(MAX(D6,INDEX(B1_N,1)),B1_N,1),ROWS(B1_N)-1),MIN(MATCH(K6,B1_P,1),COLUMNS(B1_P)-1))+MIN(1,(K6-INDEX(B1_P,1,MIN(MATCH(K6,B1_P,1),COLUMNS(B1_P)-1)))/(INDEX(B1_P,1,MIN(MATCH(K6,B1_P,1),COLUMNS(B1_P)-1)+1)-INDEX(B1_P,1,MIN(MATCH(K6,B1_P,1),COLUMNS(B1_P)-1))))*INDEX(B1_G,MIN(MATCH(MAX(D6,INDEX(B1_N,1)),B1_N,1),ROWS(B1_N)-1),MIN(MATCH(K6,B1_P,1),COLUMNS(B1_P)-1)+1))+MIN(1,(MAX(D6,INDEX(B1_N,1))-INDEX(B1_N,MIN(MATCH(MAX(D6,INDEX(B1_N,1)),B1_N,1),ROWS(B1_N)-1)))/(INDEX(B1_N,MIN(MATCH(MAX(D6,INDEX(B1_N,1)),B1_N,1),ROWS(B1_N)-1)+1)-INDEX(B1_N,MIN(MATCH(MAX(D6,INDEX(B1_N,1)),B1_N,1),ROWS(B1_N)-1))))*((1-MIN(1,(K6-INDEX(B1_P,1,MIN(MATCH(K6,B1_P,1),COLUMNS(B1_P)-1)))/(INDEX(B1_P,1,MIN(MATCH(K6,B1_P,1),COLUMNS(B1_P)-1)+1)-INDEX(B1_P,1,MIN(MATCH(K6,B1_P,1),COLUMNS(B1_P)-1)))))*INDEX(B1_G,MIN(MATCH(MAX(D6,INDEX(B1_N,1)),B1_N,1),ROWS(B1_N)-1)+1,MIN(MATCH(K6,B1_P,1),COLUMNS(B1_P)-1))+MIN(1,(K6-INDEX(B1_P,1,MIN(MATCH(K6,B1_P,1),COLUMNS(B1_P)-1)))/(INDEX(B1_P,1,MIN(MATCH(K6,B1_P,1),COLUMNS(B1_P)-1)+1)-INDEX(B1_P,1,MIN(MATCH(K6,B1_P,1),COLUMNS(B1_P)-1))))*INDEX(B1_G,MIN(MATCH(MAX(D6,INDEX(B1_N,1)),B1_N,1),ROWS(B1_N)-1)+1,MIN(MATCH(K6,B1_P,1),COLUMNS(B1_P)-1)+1))),IF((D6*K6)<INDEX(B2_NP,1),0.2,IF((D6*K6)>=INDEX(B2_NP,ROWS(B2_NP)),INDEX(B2_A,ROWS(B2_NP)),INDEX(B2_A,MATCH((D6*K6),B2_NP,1))+((D6*K6)-INDEX(B2_NP,MATCH((D6*K6),B2_NP,1)))*(INDEX(B2_A,MATCH((D6*K6),B2_NP,1)+1)-INDEX(B2_A,MATCH((D6*K6),B2_NP,1)))/(INDEX(B2_NP,MATCH((D6*K6),B2_NP,1)+1)-INDEX(B2_NP,MATCH((D6*K6),B2_NP,1)))))) -> 1.3402833 | N6: =5*G6*M6 -> 1.3402833 | O6: =3600*K6*G6/H6 -> 0.024244318 | P6: =D6*O6 -> 6.4005 | Q6: =IF(AND(O6>0.1,D6<=200),((1-MIN(1,(MAX(D6,INDEX(B1_N,1))-INDEX(B1_N,MIN(MATCH(MAX(D6,INDEX(B1_N,1)),B1_N,1),ROWS(B1_N)-1)))/(INDEX(B1_N,MIN(MATCH(MAX(D6,INDEX(B1_N,1)),B1_N,1),ROWS(B1_N)-1)+1)-INDEX(B1_N,MIN(MATCH(MAX(D6,INDEX(B1_N,1)),B1_N,1),ROWS(B1_N)-1)))))*((1-MIN(1,(O6-INDEX(B1_P,1,MIN(MATCH(O6,B1_P,1),COLUMNS(B1_P)-1)))/(INDEX(B1_P,1,MIN(MATCH(O6,B1_P,1),COLUMNS(B1_P)-1)+1)-INDEX(B1_P,1,MIN(MATCH(O6,B1_P,1),COLUMNS(B1_P)-1)))))*INDEX(B1_G,MIN(MATCH(MAX(D6,INDEX(B1_N,1)),B1_N,1),ROWS(B1_N)-1),MIN(MATCH(O6,B1_P,1),COLUMNS(B1_P)-1))+MIN(1,(O6-INDEX(B1_P,1,MIN(MATCH(O6,B1_P,1),COLUMNS(B1_P)-1)))/(INDEX(B1_P,1,MIN(MATCH(O6,B1_P,1),COLUMNS(B1_P)-1)+1)-INDEX(B1_P,1,MIN(MATCH(O6,B1_P,1),COLUMNS(B1_P)-1))))*INDEX(B1_G,MIN(MATCH(MAX(D6,INDEX(B1_N,1)),B1_N,1),ROWS(B1_N)-1),MIN(MATCH(O6,B1_P,1),COLUMNS(B1_P)-1)+1))+MIN(1,(MAX(D6,INDEX(B1_N,1))-INDEX(B1_N,MIN(MATCH(MAX(D6,INDEX(B1_N,1)),B1_N,1),ROWS(B1_N)-1)))/(INDEX(B1_N,MIN(MATCH(MAX(D6,INDEX(B1_N,1)),B1_N,1),ROWS(B1_N)-1)+1)-INDEX(B1_N,MIN(MATCH(MAX(D6,INDEX(B1_N,1)),B1_N,1),ROWS(B1_N)-1))))*((1-MIN(1,(O6-INDEX(B1_P,1,MIN(MATCH(O6,B1_P,1),COLUMNS(B1_P)-1)))/(INDEX(B1_P,1,MIN(MATCH(O6,B1_P,1),COLUMNS(B1_P)-1)+1)-INDEX(B1_P,1,MIN(MATCH(O6,B1_P,1),COLUMNS(B1_P)-1)))))*INDEX(B1_G,MIN(MATCH(MAX(D6,INDEX(B1_N,1)),B1_N,1),ROWS(B1_N)-1)+1,MIN(MATCH(O6,B1_P,1),COLUMNS(B1_P)-1))+MIN(1,(O6-INDEX(B1_P,1,MIN(MATCH(O6,B1_P,1),COLUMNS(B1_P)-1)))/(INDEX(B1_P,1,MIN(MATCH(O6,B1_P,1),COLUMNS(B1_P)-1)+1)-INDEX(B1_P,1,MIN(MATCH(O6,B1_P,1),COLUMNS(B1_P)-1))))*INDEX(B1_G,MIN(MATCH(MAX(D6,INDEX(B1_N,1)),B1_N,1),ROWS(B1_N)-1)+1,MIN(MATCH(O6,B1_P,1),COLUMNS(B1_P)-1)+1))),IF((D6*O6)<INDEX(B2_NP,1),0.2,IF((D6*O6)>=INDEX(B2_NP,ROWS(B2_NP)),INDEX(B2_A,ROWS(B2_NP)),INDEX(B2_A,MATCH((D6*O6),B2_NP,1))+((D6*O6)-INDEX(B2_NP,MATCH((D6*O6),B2_NP,1)))*(INDEX(B2_A,MATCH((D6*O6),B2_NP,1)+1)-INDEX(B2_A,MATCH((D6*O6),B2_NP,1)))/(INDEX(B2_NP,MATCH((D6*O6),B2_NP,1)+1)-INDEX(B2_NP,MATCH((D6*O6),B2_NP,1)))))) -> 3.02116 | R6: =0.005*Q6*H6 -> 3.02116
A9: Формулы (п. 5 СП 30.13330.2020):
A10: q_u,m = q_u·U/1000 — суточный расход; для холодной воды q_u^c = q_u^tot − q_u^h, q_hr,u^c = q_hr,u^tot − q_hr,u^h.
A11: q_T = q_u,m / T — среднечасовой расход.
A12: P = q_hr,u·U / (q_0·N·3600) — вероятность действия приборов (п. 5.4); q = 5·q_0·α (п. 5.3).
A13: α = f(NP): табл. Б.2 с линейной интерполяцией y = y1 + (x − x1)·(y2 − y1)/(x2 − x1); при P > 0,1 и N ≤ 200 — табл. Б.1 (интерполяция по N и P).
A14: P_hr = 3600·P·q_0 / q_0,hr (п. 5.9); q_hr = 0,005·α_hr·q_0,hr, м³/ч (п. 5.10).
A15: Для горячей воды N^h — число приборов с горячей водой (без унитазов).

Sheet В1
A1: Гидравлический расчёт сети В1 по диктующему направлению (диктующий прибор — душевая сетка над ванной, 11 этаж, Ст.В1-4)
B3: P^c | C3: =Расходы!K6 -> 0.0067345328
B4: q_0^c, л/с | C4: =Расходы!G6 -> 0.2
B5: K_м.с (хоз-питьевой водопровод жилого здания) | C5: 0.3
A7: № | B7: Участок | C7: L, м | D7: N | E7: NP | F7: α | G7: q, л/с | H7: DN | I7: d_расч, мм | J7: v, м/с | K7: 1000i | L7: iL, м | M7: h, м | N7: v в норме?
A8: 1 | B8: квартирная разводка | C8: 1.65 | D8: 1 | E8: =D8*$C$3 -> 0.0067345328 | F8: =IF(AND($C$3>0.1,D8<=200),((1-MIN(1,(MAX(D8,INDEX(B1_N,1))-INDEX(B1_N,MIN(MATCH(MAX(D8,INDEX(B1_N,1)),B1_N,1),ROWS(B1_N)-1)))/(INDEX(B1_N,MIN(MATCH(MAX(D8,INDEX(B1_N,1)),B1_N,1),ROWS(B1_N)-1)+1)-INDEX(B1_N,MIN(MATCH(MAX(D8,INDEX(B1_N,1)),B1_N,1),ROWS(B1_N)-1)))))*((1-MIN(1,($C$3-INDEX(B1_P,1,MIN(MATCH($C$3,B1_P,1),COLUMNS(B1_P)-1)))/(INDEX(B1_P,1,MIN(MATCH($C$3,B1_P,1),COLUMNS(B1_P)-1)+1)-INDEX(B1_P,1,MIN(MATCH($C$3,B1_P,1),COLUMNS(B1_P)-1)))))*INDEX(B1_G,MIN(MATCH(MAX(D8,INDEX(B1_N,1)),B1_N,1),ROWS(B1_N)-1),MIN(MATCH($C$3,B1_P,1),COLUMNS(B1_P)-1))+MIN(1,($C$3-INDEX(B1_P,1,MIN(MATCH($C$3,B1_P,1),COLUMNS(B1_P)-1)))/(INDEX(B1_P,1,MIN(MATCH($C$3,B1_P,1),COLUMNS(B1_P)-1)+1)-INDEX(B1_P,1,MIN(MATCH($C$3,B1_P,1),COLUMNS(B1_P)-1))))*INDEX(B1_G,MIN(MATCH(MAX(D8,INDEX(B1_N,1)),B1_N,1),ROWS(B1_N)-1),MIN(MATCH($C$3,B1_P,1),COLUMNS(B1_P)-1)+1))+MIN(1,(MAX(D8,INDEX(B1_N,1))-INDEX(B1_N,MIN(MATCH(MAX(D8,INDEX(B1_N,1)),B1_N,1),ROWS(B1_N)-1)))/(INDEX(B1_N,MIN(MATCH(MAX(D8,INDEX(B1_N,1)),B1_N,1),ROWS(B1_N)-1)+1)-INDEX(B1_N,MIN(MATCH(MAX(D8,INDEX(B1_N,1)),B1_N,1),ROWS(B1_N)-1))))*((1-MIN(1,($C$3-INDEX(B1_P,1,MIN(MATCH($C$3,B1_P,1),COLUMNS(B1_P)-1)))/(INDEX(B1_P,1,MIN(MATCH($C$3,B1_P,1),COLUMNS(B1_P)-1)+1)-INDEX(B1_P,1,MIN(MATCH($C$3,B1_P,1),COLUMNS(B1_P)-1)))))*INDEX(B1_G,MIN(MATCH(MAX(D8,INDEX(B1_N,1)),B1_N,1),ROWS(B1_N)-1)+1,MIN(MATCH($C$3,B1_P,1),COLUMNS(B1_P)-1))+MIN(1,($C$3-INDEX(B1_P,1,MIN(MATCH($C$3,B1_P,1),COLUMNS(B1_P)-1)))/(INDEX(B1_P,1,MIN(MATCH($C$3,B1_P,1),COLUMNS(B1_P)-1)+1)-INDEX(B1_P,1,MIN(MATCH($C$3,B1_P,1),COLUMNS(B1_P)-1))))*INDEX(B1_G,MIN(MATCH(MAX(D8,INDEX(B1_N,1)),B1_N,1),ROWS(B1_N)-1)+1,MIN(MATCH($C$3,B1_P,1),COLUMNS(B1_P)-1)+1))),IF((D8*$C$3)<INDEX(B2_NP,1),0.2,IF((D8*$C$3)>=INDEX(B2_NP,ROWS(B2_NP)),INDEX(B2_A,ROWS(B2_NP)),INDEX(B2_A,MATCH((D8*$C$3),B2_NP,1))+((D8*$C$3)-INDEX(B2_NP,MATCH((D8*$C$3),B2_NP,1)))*(INDEX(B2_A,MATCH((D8*$C$3),B2_NP,1)+1)-INDEX(B2_A,MATCH((D8*$C$3),B2_NP,1)))/(INDEX(B2_NP,MATCH((D8*$C$3),B2_NP,1)+1)-INDEX(B2_NP,MATCH((D8*$C$3),B2_NP,1)))))) -> 0.2 | G8: =5*$C$4*F8 -> 0.2 | H8: 15 | I8: =INDEX(VGP_DR,MATCH(H8,VGP_DN,0)) -> 14.7 | J8: =G8/1000/(PI()*(I8/1000)^2/4) -> 1.1784345 | K8: =1000*IF(J8<1.2,0.000912*J8^2/(I8/1000)^1.3*(1+0.867/J8)^0.3,0.00107*J8^2/(I8/1000)^1.3) -> 360.52653 | L8: =K8/1000*C8 -> 0.59486878 | M8: =L8*(1+$C$5) -> 0.77332941 | N8: =IF(AND(J8>=0.3,J8<=1.5),"да","нет") -> да
A9: 2 | B9: квартирная разводка | C9: 0.95 | D9: 3 | E9: =D9*$C$3 -> 0.020203598 | F9: =IF(AND($C$3>0.1,D9<=200),((1-MIN(1,(MAX(D9,INDEX(B1_N,1))-INDEX(B1_N,MIN(MATCH(MAX(D9,INDEX(B1_N,1)),B1_N,1),ROWS(B1_N)-1)))/(INDEX(B1_N,MIN(MATCH(MAX(D9,INDEX(B1_N,1)),B1_N,1),ROWS(B1_N)-1)+1)-INDEX(B1_N,MIN(MATCH(MAX(D9,INDEX(B1_N,1)),B1_N,1),ROWS(B1_N)-1)))))*((1-MIN(1,($C$3-INDEX(B1_P,1,MIN(MATCH($C$3,B1_P,1),COLUMNS(B1_P)-1)))/(INDEX(B1_P,1,MIN(MATCH($C$3,B1_P,1),COLUMNS(B1_P)-1)+1)-INDEX(B1_P,1,MIN(MATCH($C$3,B1_P,1),COLUMNS(B1_P)-1)))))*INDEX(B1_G,MIN(MATCH(MAX(D9,INDEX(B1_N,1)),B1_N,1),ROWS(B1_N)-1),MIN(MATCH($C$3,B1_P,1),COLUMNS(B1_P)-1))+MIN(1,($C$3-INDEX(B1_P,1,MIN(MATCH($C$3,B1_P,1),COLUMNS(B1_P)-1)))/(INDEX(B1_P,1,MIN(MATCH($C$3,B1_P,1),COLUMNS(B1_P)-1)+1)-INDEX(B1_P,1,MIN(MATCH($C$3,B1_P,1),COLUMNS(B1_P)-1))))*INDEX(B1_G,MIN(MATCH(MAX(D9,INDEX(B1_N,1)),B1_N,1),ROWS(B1_N)-1),MIN(MATCH($C$3,B1_P,1),COLUMNS(B1_P)-1)+1))+MIN(1,(MAX(D9,INDEX(B1_N,1))-INDEX(B1_N,MIN(MATCH(MAX(D9,INDEX(B1_N,1)),B1_N,1),ROWS(B1_N)-1)))/(INDEX(B1_N,MIN(MATCH(MAX(D9,INDEX(B1_N,1)),B1_N,1),ROWS(B1_N)-1)+1)-INDEX(B1_N,MIN(MATCH(MAX(D9,INDEX(B1_N,1)),B1_N,1),ROWS(B1_N)-1))))*((1-MIN(1,($C$3-INDEX(B1_P,1,MIN(MATCH($C$3,B1_P,1),COLUMNS(B1_P)-1)))/(INDEX(B1_P,1,MIN(MATCH($C$3,B1_P,1),COLUMNS(B1_P)-1)+1)-INDEX(B1_P,1,MIN(MATCH($C$3,B1_P,1),COLUMNS(B1_P)-1)))))*INDEX(B1_G,MIN(MATCH(MAX(D9,INDEX(B1_N,1)),B1_N,1),ROWS(B1_N)-1)+1,MIN(MATCH($C$3,B1_P,1),COLUMNS(B1_P)-1))+MIN(1,($C$3-INDEX(B1_P,1,MIN(MATCH($C$3,B1_P,1),COLUMNS(B1_P)-1)))/(INDEX(B1_P,1,MIN(MATCH($C$3,B1_P,1),COLUMNS(B1_P)-1)+1)-INDEX(B1_P,1,MIN(MATCH($C$3,B1_P,1),COLUMNS(B1_P)-1))))*INDEX(B1_G,MIN(MATCH(MAX(D9,INDEX(B1_N,1)),B1_N,1),ROWS(B1_N)-1)+1,MIN(MATCH($C$3,B1_P,1),COLUMNS(B1_P)-1)+1))),IF((D9*$C$3)<INDEX(B2_NP,1),0.2,IF((D9*$C$3)>=INDEX(B2_NP,ROWS(B2_NP)),INDEX(B2_A,ROWS(B2_NP)),INDEX(B2_A,MATCH((D9*$C$3),B2_NP,1))+((D9*$C$3)-INDEX(B2_NP,MATCH((D9*$C$3),B2_NP,1)))*(INDEX(B2_A,MATCH((D9*$C$3),B2_NP,1)+1)-INDEX(B2_A,MATCH((D9*$C$3),B2_NP,1)))/(INDEX(B2_NP,MATCH((D9*$C$3),B2_NP,1)+1)-INDEX(B2_NP,MATCH((D9*$C$3),B2_NP,1)))))) -> 0.2154072 | G9: =5*$C$4*F9 -> 0.2154072 | H9: 15 | I9: =INDEX(VGP_DR,MATCH(H9,VGP_DN,0)) -> 14.7 | J9: =G9/1000/(PI()*(I9/1000)^2/4) -> 1.2692164 | K9: =1000*IF(J9<1.2,0.000912*J9^2/(I9/1000)^1.3*(1+0.867/J9)^0.3,0.00107*J9^2/(I9/1000)^1.3) -> 415.85561 | L9: =K9/1000*C9 -> 0.39506282 | M9: =L9*(1+$C$5) -> 0.51358167 | N9: =IF(AND(J9>=0.3,J9<=1.5),"да","нет") -> да
A10: 3 | B10: квартирная разводка | C10: 1.2 | D10: 4 | E10: =D10*$C$3 -> 0.026938131 | F10: =IF(AND($C$3>0.1,D10<=200),((1-MIN(1,(MAX(D10,INDEX(B1_N,1))-INDEX(B1_N,MIN(MATCH(MAX(D10,INDEX(B1_N,1)),B1_N,1),ROWS(B1_N)-1)))/(INDEX(B1_N,MIN(MATCH(MAX(D10,INDEX(B1_N,1)),B1_N,1),ROWS(B1_N)-1)+1)-INDEX(B1_N,MIN(MATCH(MAX(D10,INDEX(B1_N,1)),B1_N,1),ROWS(B1_N)-1)))))*((1-MIN(1,($C$3-INDEX(B1_P,1,MIN(MATCH($C$3,B1_P,1),COLUMNS(B1_P)-1)))/(INDEX(B1_P,1,MIN(MATCH($C$3,B1_P,1),COLUMNS(B1_P)-1)+1)-INDEX(B1_P,1,MIN(MATCH($C$3,B1_P,1),COLUMNS(B1_P)-1)))))*INDEX(B1_G,MIN(MATCH(MAX(D10,INDEX(B1_N,1)),B1_N,1),ROWS(B1_N)-1),MIN(MATCH($C$3,B1_P,1),COLUMNS(B1_P)-1))+MIN(1,($C$3-INDEX(B1_P,1,MIN(MATCH($C$3,B1_P,1),COLUMNS(B1_P)-1)))/(INDEX(B1_P,1,MIN(MATCH($C$3,B1_P,1),COLUMNS(B1_P)-1)+1)-INDEX(B1_P,1,MIN(MATCH($C$3,B1_P,1),COLUMNS(B1_P)-1))))*INDEX(B1_G,MIN(MATCH(MAX(D10,INDEX(B1_N,1)),B1_N,1),ROWS(B1_N)-1),MIN(MATCH($C$3,B1_P,1),COLUMNS(B1_P)-1)+1))+MIN(1,(MAX(D10,INDEX(B1_N,1))-INDEX(B1_N,MIN(MATCH(MAX(D10,INDEX(B1_N,1)),B1_N,1),ROWS(B1_N)-1)))/(INDEX(B1_N,MIN(MATCH(MAX(D10,INDEX(B1_N,1)),B1_N,1),ROWS(B1_N)-1)+1)-INDEX(B1_N,MIN(MATCH(MAX(D10,INDEX(B1_N,1)),B1_N,1),ROWS(B1_N)-1))))*((1-MIN(1,($C$3-INDEX(B1_P,1,MIN(MATCH($C$3,B1_P,1),COLUMNS(B1_P)-1)))/(INDEX(B1_P,1,MIN(MATCH($C$3,B1_P,1),COLUMNS(B1_P)-1)+1)-INDEX(B1_P,1,MIN(MATCH($C$3,B1_P,1),COLUMNS(B1_P)-1)))))*INDEX(B1_G,MIN(MATCH(MAX(D10,INDEX(B1_N,1)),B1_N,1),ROWS(B1_N)-1)+1,MIN(MATCH($C$3,B1_P,1),COLUMNS(B1_P)-1))+MIN(1,($C$3-INDEX(B1_P,1,MIN(MATCH($C$3,B1_P,1),COLUMNS(B1_P)-1)))/(INDEX(B1_P,1,MIN(MATCH($C$3,B1_P,1),COLUMNS(B1_P)-1)+1)-INDEX(B1_P,1,MIN(MATCH($C$3,B1_P,1),COLUMNS(B1_P)-1))))*INDEX(B1_G,MIN(MATCH(MAX(D10,INDEX(B1_N,1)),B1_N,1),ROWS(B1_N)-1)+1,MIN(MATCH($C$3,B1_P,1),COLUMNS(B1_P)-1)+1))),IF((D10*$C$3)<INDEX(B2_NP,1),0.2,IF((D10*$C$3)>=INDEX(B2_NP,ROWS(B2_NP)),INDEX(B2_A,ROWS(B2_NP)),INDEX(B2_A,MATCH((D10*$C$3),B2_NP,1))+((D10*$C$3)-INDEX(B2_NP,MATCH((D10*$C$3),B2_NP,1)))*(INDEX(B2_A,MATCH((D10*$C$3),B2_NP,1)+1)-INDEX(B2_A,MATCH((D10*$C$3),B2_NP,1)))/(INDEX(B2_NP,MATCH((D10*$C$3),B2_NP,1)+1)-INDEX(B2_NP,MATCH((D10*$C$3),B2_NP,1)))))) -> 0.22987626 | G10: =5*$C$4*F10 -> 0.22987626 | H10: 15 | I10: =INDEX(VGP_DR,MATCH(H10,VGP_DN,0)) -> 14.7 | J10: =G10/1000/(PI()*(I10/1000)^2/4) -> 1.3544706 | K10: =1000*IF(J10<1.2,0.000912*J10^2/(I10/1000)^1.3*(1+0.867/J10)^0.3,0.00107*J10^2/(I10/1000)^1.3) -> 473.59858 | L10: =K10/1000*C10 -> 0.5683183 | M10: =L10*(1+$C$5) -> 0.73881379 | N10: =IF(AND(J10>=0.3,J10<=1.5),"да","нет") -> да
A11: 4 | B11: Ст.В1-4, эт. 11-10 | C11: 3.2 | D11: 8 | E11: =D11*$C$3 -> 0.053876263 | F11: =IF(AND($C$3>0.1,D11<=200),((1-MIN(1,(MAX(D11,INDEX(B1_N,1))-INDEX(B1_N,MIN(MATCH(MAX(D11,INDEX(B1_N,1)),B1_N,1),ROWS(B1_N)-1)))/(INDEX(B1_N,MIN(MATCH(MAX(D11,INDEX(B1_N,1)),B1_N,1),ROWS(B1_N)-1)+1)-INDEX(B1_N,MIN(MATCH(MAX(D11,INDEX(B1_N,1)),B1_N,1),ROWS(B1_N)-1)))))*((1-MIN(1,($C$3-INDEX(B1_P,1,MIN(MATCH($C$3,B1_P,1),COLUMNS(B1_P)-1)))/(INDEX(B1_P,1,MIN(MATCH($C$3,B1_P,1),COLUMNS(B1_P)-1)+1)-INDEX(B1_P,1,MIN(MATCH($C$3,B1_P,1),COLUMNS(B1_P)-1)))))*INDEX(B1_G,MIN(MATCH(MAX(D11,INDEX(B1_N,1)),B1_N,1),ROWS(B1_N)-1),MIN(MATCH($C$3,B1_P,1),COLUMNS(B1_P)-1))+MIN(1,($C$3-INDEX(B1_P,1,MIN(MATCH($C$3,B1_P,1),COLUMNS(B1_P)-1)))/(INDEX(B1_P,1,MIN(MATCH($C$3,B1_P,1),COLUMNS(B1_P)-1)+1)-INDEX(B1_P,1,MIN(MATCH($C$3,B1_P,1),COLUMNS(B1_P)-1))))*INDEX(B1_G,MIN(MATCH(MAX(D11,INDEX(B1_N,1)),B1_N,1),ROWS(B1_N)-1),MIN(MATCH($C$3,B1_P,1),COLUMNS(B1_P)-1)+1))+MIN(1,(MAX(D11,INDEX(B1_N,1))-INDEX(B1_N,MIN(MATCH(MAX(D11,INDEX(B1_N,1)),B1_N,1),ROWS(B1_N)-1)))/(INDEX(B1_N,MIN(MATCH(MAX(D11,INDEX(B1_N,1)),B1_N,1),ROWS(B1_N)-1)+1)-INDEX(B1_N,MIN(MATCH(MAX(D11,INDEX(B1_N,1)),B1_N,1),ROWS(B1_N)-1))))*((1-MIN(1,($C$3-INDEX(B1_P,1,MIN(MATCH($C$3,B1_P,1),COLUMNS(B1_P)-1)))/(INDEX(B1_P,1,MIN(MATCH($C$3,B1_P,1),COLUMNS(B1_P)-1)+1)-INDEX(B1_P,1,MIN(MATCH($C$3,B1_P,1),COLUMNS(B1_P)-1)))))*INDEX(B1_G,MIN(MATCH(MAX(D11,INDEX(B1_N,1)),B1_N,1),ROWS(B1_N)-1)+1,MIN(MATCH($C$3,B1_P,1),COLUMNS(B1_P)-1))+MIN(1,($C$3-INDEX(B1_P,1,MIN(MATCH($C$3,B1_P,1),COLUMNS(B1_P)-1)))/(INDEX(B1_P,1,MIN(MATCH($C$3,B1_P,1),COLUMNS(B1_P)-1)+1)-INDEX(B1_P,1,MIN(MATCH($C$3,B1_P,1),COLUMNS(B1_P)-1))))*INDEX(B1_G,MIN(MATCH(MAX(D11,INDEX(B1_N,1)),B1_N,1),ROWS(B1_N)-1)+1,MIN(MATCH($C$3,B1_P,1),COLUMNS(B1_P)-1)+1))),IF((D11*$C$3)<INDEX(B2_NP,1),0.2,IF((D11*$C$3)>=INDEX(B2_NP,ROWS(B2_NP)),INDEX(B2_A,ROWS(B2_NP)),INDEX(B2_A,MATCH((D11*$C$3),B2_NP,1))+((D11*$C$3)-INDEX(B2_NP,MATCH((D11*$C$3),B2_NP,1)))*(INDEX(B2_A,MATCH((D11*$C$3),B2_NP,1)+1)-INDEX(B2_A,MATCH((D11*$C$3),B2_NP,1)))/(INDEX(B2_NP,MATCH((D11*$C$3),B2_NP,1)+1)-INDEX(B2_NP,MATCH((D11*$C$3),B2_NP,1)))))) -> 0.27975253 | G11: =5*$C$4*F11 -> 0.27975253 | H11: 25 | I11: =INDEX(VGP_DR,MATCH(H11,VGP_DN,0)) -> 26.1 | J11: =G11/1000/(PI()*(I11/1000)^2/4) -> 0.52288131 | K11: =1000*IF(J11<1.2,0.000912*J11^2/(I11/1000)^1.3*(1+0.867/J11)^0.3,0.00107*J11^2/(I11/1000)^1.3) -> 38.242018 | L11: =K11/1000*C11 -> 0.12237446 | M11: =L11*(1+$C$5) -> 0.15908679 | N11: =IF(AND(J11>=0.3,J11<=1.2),"да","нет") -> да
A12: 5 | B12: Ст.В1-4, эт. 10-9 | C12: 3.2 | D12: 16 | E12: =D12*$C$3 -> 0.10775253 | F12: =IF(AND($C$3>0.1,D12<=200),((1-MIN(1,(MAX(D12,INDEX(B1_N,1))-INDEX(B1_N,MIN(MATCH(MAX(D12,INDEX(B1_N,1)),B1_N,1),ROWS(B1_N)-1)))/(INDEX(B1_N,MIN(MATCH(MAX(D12,INDEX(B1_N,1)),B1_N,1),ROWS(B1_N)-1)+1)-INDEX(B1_N,MIN(MATCH(MAX(D12,INDEX(B1_N,1)),B1_N,1),ROWS(B1_N)-1)))))*((1-MIN(1,($C$3-INDEX(B1_P,1,MIN(MATCH($C$3,B1_P,1),COLUMNS(B1_P)-1)))/(INDEX(B1_P,1,MIN(MATCH($C$3,B1_P,1),COLUMNS(B1_P)-1)+1)-INDEX(B1_P,1,MIN(MATCH($C$3,B1_P,1),COLUMNS(B1_P)-1)))))*INDEX(B1_G,MIN(MATCH(MAX(D12,INDEX(B1_N,1)),B1_N,1),ROWS(B1_N)-1),MIN(MATCH($C$3,B1_P,1),COLUMNS(B1_P)-1))+MIN(1,($C$3-INDEX(B1_P,1,MIN(MATCH($C$3,B1_P,1),COLUMNS(B1_P)-1)))/(INDEX(B1_P,1,MIN(MATCH($C$3,B1_P,1),COLUMNS(B1_P)-1)+1)-INDEX(B1_P,1,MIN(MATCH($C$3,B1_P,1),COLUMNS(B1_P)-1))))*INDEX(B1_G,MIN(MATCH(MAX(D12,INDEX(B1_N,1)),B1_N,1),ROWS(B1_N)-1),MIN(MATCH($C$3,B1_P,1),COLUMNS(B1_P)-1)+1))+MIN(1,(MAX(D12,INDEX(B1_N,1))-INDEX(B1_N,MIN(MATCH(MAX(D12,INDEX(B1_N,1)),B1_N,1),ROWS(B1_N)-1)))/(INDEX(B1_N,MIN(MATCH(MAX(D12,INDEX(B1_N,1)),B1_N,1),ROWS(B1_N)-1)+1)-INDEX(B1_N,MIN(MATCH(MAX(D12,INDEX(B1_N,1)),B1_N,1),ROWS(B1_N)-1))))*((1-MIN(1,($C$3-INDEX(B1_P,1,MIN(MATCH($C$3,B1_P,1),COLUMNS(B1_P)-1)))/(INDEX(B1_P,1,MIN(MATCH($C$3,B1_P,1),COLUMNS(B1_P)-1)+1)-INDEX(B1_P,1,MIN(MATCH($C$3,B1_P,1),COLUMNS(B1_P)-1)))))*INDEX(B1_G,MIN(MATCH(MAX(D12,INDEX(B1_N,1)),B1_N,1),ROWS(B1_N)-1)+1,MIN(MATCH($C$3,B1_P,1),COLUMNS(B1_P)-1))+MIN(1,($C$3-INDEX(B1_P,1,MIN(MATCH($C$3,B1_P,1),COLUMNS(B1_P)-1)))/(INDEX(B1_P,1,MIN(MATCH($C$3,B1_P,1),COLUMNS(B1_P)-1)+1)-INDEX(B1_P,1,MIN(MATCH($C$3,B1_P,1),COLUMNS(B1_P)-1))))*INDEX(B1_G,MIN(MATCH(MAX(D12,INDEX(B1_N,1)),B1_N,1),ROWS(B1_N)-1)+1,MIN(MATCH($C$3,B1_P,1),COLUMNS(B1_P)-1)+1))),IF((D12*$C$3)<INDEX(B2_NP,1),0.2,IF((D12*$C$3)>=INDEX(B2_NP,ROWS(B2_NP)),INDEX(B2_A,ROWS(B2_NP)),INDEX(B2_A,MATCH((D12*$C$3),B2_NP,1))+((D12*$C$3)-INDEX(B2_NP,MATCH((D12*$C$3),B2_NP,1)))*(INDEX(B2_A,MATCH((D12*$C$3),B2_NP,1)+1)-INDEX(B2_A,MATCH((D12*$C$3),B2_NP,1)))/(INDEX(B2_NP,MATCH((D12*$C$3),B2_NP,1)+1)-INDEX(B2_NP,MATCH((D12*$C$3),B2_NP,1)))))) -> 0.35230303 | G12: =5*$C$4*F12 -> 0.35230303 | H12: 25 | I12: =INDEX(VGP_DR,MATCH(H12,VGP_DN,0)) -> 26.1 | J12: =G12/1000/(PI()*(I12/1000)^2/4) -> 0.65848439 | K12: =1000*IF(J12<1.2,0.000912*J12^2/(I12/1000)^1.3*(1+0.867/J12)^0.3,0.00107*J12^2/(I12/1000)^1.3) -> 58.198505 | L12: =K12/1000*C12 -> 0.18623522 | M12: =L12*(1+$C$5) -> 0.24210578 | N12: =IF(AND(J12>=0.3,J12<=1.2),"да","нет") -> да
A13: 6 | B13: Ст.В1-4, эт. 9-8 | C13: 3.2 | D13: 24 | E13: =D13*$C$3 -> 0.16162879 | F13: =IF(AND($C$3>0.1,D13<=200),((1-MIN(1,(MAX(D13,INDEX(B1_N,1))-INDEX(B1_N,MIN(MATCH(MAX(D13,INDEX(B1_N,1)),B1_N,1),ROWS(B1_N)-1)))/(INDEX(B1_N,MIN(MATCH(MAX(D13,INDEX(B1_N,1)),B1_N,1),ROWS(B1_N)-1)+1)-INDEX(B1_N,MIN(MATCH(MAX(D13,INDEX(B1_N,1)),B1_N,1),ROWS(B1_N)-1)))))*((1-MIN(1,($C$3-INDEX(B1_P,1,MIN(MATCH($C$3,B1_P,1),COLUMNS(B1_P)-1)))/(INDEX(B1_P,1,MIN(MATCH($C$3,B1_P,1),COLUMNS(B1_P)-1)+1)-INDEX(B1_P,1,MIN(MATCH($C$3,B1_P,1),COLUMNS(B1_P)-1)))))*INDEX(B1_G,MIN(MATCH(MAX(D13,INDEX(B1_N,1)),B1_N,1),ROWS(B1_N)-1),MIN(MATCH($C$3,B1_P,1),COLUMNS(B1_P)-1))+MIN(1,($C$3-INDEX(B1_P,1,MIN(MATCH($C$3,B1_P,1),COLUMNS(B1_P)-1)))/(INDEX(B1_P,1,MIN(MATCH($C$3,B1_P,1),COLUMNS(B1_P)-1)+1)-INDEX(B1_P,1,MIN(MATCH($C$3,B1_P,1),COLUMNS(B1_P)-1))))*INDEX(B1_G,MIN(MATCH(MAX(D13,INDEX(B1_N,1)),B1_N,1),ROWS(B1_N)-1),MIN(MATCH($C$3,B1_P,1),COLUMNS(B1_P)-1)+1))+MIN(1,(MAX(D13,INDEX(B1_N,1))-INDEX(B1_N,MIN(MATCH(MAX(D13,INDEX(B1_N,1)),B1_N,1),ROWS(B1_N)-1)))/(INDEX(B1_N,MIN(MATCH(MAX(D13,INDEX(B1_N,1)),B1_N,1),ROWS(B1_N)-1)+1)-INDEX(B1_N,MIN(MATCH(MAX(D13,INDEX(B1_N,1)),B1_N,1),ROWS(B1_N)-1))))*((1-MIN(1,($C$3-INDEX(B1_P,1,MIN(MATCH($C$3,B1_P,1),COLUMNS(B1_P)-1)))/(INDEX(B1_P,1,MIN(MATCH($C$3,B1_P,1),COLUMNS(B1_P)-1)+1)-INDEX(B1_P,1,MIN(MATCH($C$3,B1_P,1),COLUMNS(B1_P)-1)))))*INDEX(B1_G,MIN(MATCH(MAX(D13,INDEX(B1_N,1)),B1_N,1),ROWS(B1_N)-1)+1,MIN(MATCH($C$3,B1_P,1),COLUMNS(B1_P)-1))+MIN(1,($C$3-INDEX(B1_P,1,MIN(MATCH($C$3,B1_P,1),COLUMNS(B1_P)-1)))/(INDEX(B1_P,1,MIN(MATCH($C$3,B1_P,1),COLUMNS(B1_P)-1)+1)-INDEX(B1_P,1,MIN(MATCH($C$3,B1_P,1),COLUMNS(B1_P)-1))))*INDEX(B1_G,MIN(MATCH(MAX(D13,INDEX(B1_N,1)),B1_N,1),ROWS(B1_N)-1)+1,MIN(MATCH($C$3,B1_P,1),COLUMNS(B1_P)-1)+1))),IF((D13*$C$3)<INDEX(B2_NP,1),0.2,IF((D13*$C$3)>=INDEX(B2_NP,ROWS(B2_NP)),INDEX(B2_A,ROWS(B2_NP)),INDEX(B2_A,MATCH((D13*$C$3),B2_NP,1))+((D13*$C$3)-INDEX(B2_NP,MATCH((D13*$C$3),B2_NP,1)))*(INDEX(B2_A,MATCH((D13*$C$3),B2_NP,1)+1)-INDEX(B2_A,MATCH((D13*$C$3),B2_NP,1)))/(INDEX(B2_NP,MATCH((D13*$C$3),B2_NP,1)+1)-INDEX(B2_NP,MATCH((D13*$C$3),B2_NP,1)))))) -> 0.41162879 | G13: =5*$C$4*F13 -> 0.41162879 | H13: 25 | I13: =INDEX(VGP_DR,MATCH(H13,VGP_DN,0)) -> 26.1 | J13: =G13/1000/(PI()*(I13/1000)^2/4) -> 0.76936928 | K13: =1000*IF(J13<1.2,0.000912*J13^2/(I13/1000)^1.3*(1+0.867/J13)^0.3,0.00107*J13^2/(I13/1000)^1.3) -> 77.4383 | L13: =K13/1000*C13 -> 0.24780256 | M13: =L13*(1+$C$5) -> 0.32214333 | N13: =IF(AND(J13>=0.3,J13<=1.2),"да","нет") -> да
A14: 7 | B14: Ст.В1-4, эт. 8-7 | C14: 3.2 | D14: 32 | E14: =D14*$C$3 -> 0.21550505 | F14: =IF(AND($C$3>0.1,D14<=200),((1-MIN(1,(MAX(D14,INDEX(B1_N,1))-INDEX(B1_N,MIN(MATCH(MAX(D14,INDEX(B1_N,1)),B1_N,1),ROWS(B1_N)-1)))/(INDEX(B1_N,MIN(MATCH(MAX(D14,INDEX(B1_N,1)),B1_N,1),ROWS(B1_N)-1)+1)-INDEX(B1_N,MIN(MATCH(MAX(D14,INDEX(B1_N,1)),B1_N,1),ROWS(B1_N)-1)))))*((1-MIN(1,($C$3-INDEX(B1_P,1,MIN(MATCH($C$3,B1_P,1),COLUMNS(B1_P)-1)))/(INDEX(B1_P,1,MIN(MATCH($C$3,B1_P,1),COLUMNS(B1_P)-1)+1)-INDEX(B1_P,1,MIN(MATCH($C$3,B1_P,1),COLUMNS(B1_P)-1)))))*INDEX(B1_G,MIN(MATCH(MAX(D14,INDEX(B1_N,1)),B1_N,1),ROWS(B1_N)-1),MIN(MATCH($C$3,B1_P,1),COLUMNS(B1_P)-1))+MIN(1,($C$3-INDEX(B1_P,1,MIN(MATCH($C$3,B1_P,1),COLUMNS(B1_P)-1)))/(INDEX(B1_P,1,MIN(MATCH($C$3,B1_P,1),COLUMNS(B1_P)-1)+1)-INDEX(B1_P,1,MIN(MATCH($C$3,B1_P,1),COLUMNS(B1_P)-1))))*INDEX(B1_G,MIN(MATCH(MAX(D14,INDEX(B1_N,1)),B1_N,1),ROWS(B1_N)-1),MIN(MATCH($C$3,B1_P,1),COLUMNS(B1_P)-1)+1))+MIN(1,(MAX(D14,INDEX(B1_N,1))-INDEX(B1_N,MIN(MATCH(MAX(D14,INDEX(B1_N,1)),B1_N,1),ROWS(B1_N)-1)))/(INDEX(B1_N,MIN(MATCH(MAX(D14,INDEX(B1_N,1)),B1_N,1),ROWS(B1_N)-1)+1)-INDEX(B1_N,MIN(MATCH(MAX(D14,INDEX(B1_N,1)),B1_N,1),ROWS(B1_N)-1))))*((1-MIN(1,($C$3-INDEX(B1_P,1,MIN(MATCH($C$3,B1_P,1),COLUMNS(B1_P)-1)))/(INDEX(B1_P,1,MIN(MATCH($C$3,B1_P,1),COLUMNS(B1_P)-1)+1)-INDEX(B1_P,1,MIN(MATCH($C$3,B1_P,1),COLUMNS(B1_P)-1)))))*INDEX(B1_G,MIN(MATCH(MAX(D14,INDEX(B1_N,1)),B1_N,1),ROWS(B1_N)-1)+1,MIN(MATCH($C$3,B1_P,1),COLUMNS(B1_P)-1))+MIN(1,($C$3-INDEX(B1_P,1,MIN(MATCH($C$3,B1_P,1),COLUMNS(B1_P)-1)))/(INDEX(B1_P,1,MIN(MATCH($C$3,B1_P,1),COLUMNS(B1_P)-1)+1)-INDEX(B1_P,1,MIN(MATCH($C$3,B1_P,1),COLUMNS(B1_P)-1))))*INDEX(B1_G,MIN(MATCH(MAX(D14,INDEX(B1_N,1)),B1_N,1),ROWS(B1_N)-1)+1,MIN(MATCH($C$3,B1_P,1),COLUMNS(B1_P)-1)+1))),IF((D14*$C$3)<INDEX(B2_NP,1),0.2,IF((D14*$C$3)>=INDEX(B2_NP,ROWS(B2_NP)),INDEX(B2_A,ROWS(B2_NP)),INDEX(B2_A,MATCH((D14*$C$3),B2_NP,1))+((D14*$C$3)-INDEX(B2_NP,MATCH((D14*$C$3),B2_NP,1)))*(INDEX(B2_A,MATCH((D14*$C$3),B2_NP,1)+1)-INDEX(B2_A,MATCH((D14*$C$3),B2_NP,1)))/(INDEX(B2_NP,MATCH((D14*$C$3),B2_NP,1)+1)-INDEX(B2_NP,MATCH((D14*$C$3),B2_NP,1)))))) -> 0.46295455 | G14: =5*$C$4*F14 -> 0.46295455 | H14: 25 | I14: =INDEX(VGP_DR,MATCH(H14,VGP_DN,0)) -> 26.1 | J14: =G14/1000/(PI()*(I14/1000)^2/4) -> 0.8653015 | K14: =1000*IF(J14<1.2,0.000912*J14^2/(I14/1000)^1.3*(1+0.867/J14)^0.3,0.00107*J14^2/(I14/1000)^1.3) -> 96.19088 | L14: =K14/1000*C14 -> 0.30781082 | M14: =L14*(1+$C$5) -> 0.40015406 | N14: =IF(AND(J14>=0.3,J14<=1.2),"да","нет") -> да
A15: 8 | B15: Ст.В1-4, эт. 7-6 | C15: 3.2 | D15: 40 | E15: =D15*$C$3 -> 0.26938131 | F15: =IF(AND($C$3>0.1,D15<=200),((1-MIN(1,(MAX(D15,INDEX(B1_N,1))-INDEX(B1_N,MIN(MATCH(MAX(D15,INDEX(B1_N,1)),B1_N,1),ROWS(B1_N)-1)))/(INDEX(B1_N,MIN(MATCH(MAX(D15,INDEX(B1_N,1)),B1_N,1),ROWS(B1_N)-1)+1)-INDEX(B1_N,MIN(MATCH(MAX(D15,INDEX(B1_N,1)),B1_N,1),ROWS(B1_N)-1)))))*((1-MIN(1,($C$3-INDEX(B1_P,1,MIN(MATCH($C$3,B1_P,1),COLUMNS(B1_P)-1)))/(INDEX(B1_P,1,MIN(MATCH($C$3,B1_P,1),COLUMNS(B1_P)-1)+1)-INDEX(B1_P,1,MIN(MATCH($C$3,B1_P,1),COLUMNS(B1_P)-1)))))*INDEX(B1_G,MIN(MATCH(MAX(D15,INDEX(B1_N,1)),B1_N,1),ROWS(B1_N)-1),MIN(MATCH($C$3,B1_P,1),COLUMNS(B1_P)-1))+MIN(1,($C$3-INDEX(B1_P,1,MIN(MATCH($C$3,B1_P,1),COLUMNS(B1_P)-1)))/(INDEX(B1_P,1,MIN(MATCH($C$3,B1_P,1),COLUMNS(B1_P)-1)+1)-INDEX(B1_P,1,MIN(MATCH($C$3,B1_P,1),COLUMNS(B1_P)-1))))*INDEX(B1_G,MIN(MATCH(MAX(D15,INDEX(B1_N,1)),B1_N,1),ROWS(B1_N)-1),MIN(MATCH($C$3,B1_P,1),COLUMNS(B1_P)-1)+1))+MIN(1,(MAX(D15,INDEX(B1_N,1))-INDEX(B1_N,MIN(MATCH(MAX(D15,INDEX(B1_N,1)),B1_N,1),ROWS(B1_N)-1)))/(INDEX(B1_N,MIN(MATCH(MAX(D15,INDEX(B1_N,1)),B1_N,1),ROWS(B1_N)-1)+1)-INDEX(B1_N,MIN(MATCH(MAX(D15,INDEX(B1_N,1)),B1_N,1),ROWS(B1_N)-1))))*((1-MIN(1,($C$3-INDEX(B1_P,1,MIN(MATCH($C$3,B1_P,1),COLUMNS(B1_P)-1)))/(INDEX(B1_P,1,MIN(MATCH($C$3,B1_P,1),COLUMNS(B1_P)-1)+1)-INDEX(B1_P,1,MIN(MATCH($C$3,B1_P,1),COLUMNS(B1_P)-1)))))*INDEX(B1_G,MIN(MATCH(MAX(D15,INDEX(B1_N,1)),B1_N,1),ROWS(B1_N)-1)+1,MIN(MATCH($C$3,B1_P,1),COLUMNS(B1_P)-1))+MIN(1,($C$3-INDEX(B1_P,1,MIN(MATCH($C$3,B1_P,1),COLUMNS(B1_P)-1)))/(INDEX(B1_P,1,MIN(MATCH($C$3,B1_P,1),COLUMNS(B1_P)-1)+1)-INDEX(B1_P,1,MIN(MATCH($C$3,B1_P,1),COLUMNS(B1_P)-1))))*INDEX(B1_G,MIN(MATCH(MAX(D15,INDEX(B1_N,1)),B1_N,1),ROWS(B1_N)-1)+1,MIN(MATCH($C$3,B1_P,1),COLUMNS(B1_P)-1)+1))),IF((D15*$C$3)<INDEX(B2_NP,1),0.2,IF((D15*$C$3)>=INDEX(B2_NP,ROWS(B2_NP)),INDEX(B2_A,ROWS(B2_NP)),INDEX(B2_A,MATCH((D15*$C$3),B2_NP,1))+((D15*$C$3)-INDEX(B2_NP,MATCH((D15*$C$3),B2_NP,1)))*(INDEX(B2_A,MATCH((D15*$C$3),B2_NP,1)+1)-INDEX(B2_A,MATCH((D15*$C$3),B2_NP,1)))/(INDEX(B2_NP,MATCH((D15*$C$3),B2_NP,1)+1)-INDEX(B2_NP,MATCH((D15*$C$3),B2_NP,1)))))) -> 0.50950505 | G15: =5*$C$4*F15 -> 0.50950505 | H15: 25 | I15: =INDEX(VGP_DR,MATCH(H15,VGP_DN,0)) -> 26.1 | J15: =G15/1000/(PI()*(I15/1000)^2/4) -> 0.95230836 | K15: =1000*IF(J15<1.2,0.000912*J15^2/(I15/1000)^1.3*(1+0.867/J15)^0.3,0.00107*J15^2/(I15/1000)^1.3) -> 114.88306 | L15: =K15/1000*C15 -> 0.36762579 | M15: =L15*(1+$C$5) -> 0.47791352 | N15: =IF(AND(J15>=0.3,J15<=1.2),"да","нет") -> да
A16: 9 | B16: Ст.В1-4, эт. 6-5 | C16: 3.2 | D16: 48 | E16: =D16*$C$3 -> 0.32325758 | F16: =IF(AND($C$3>0.1,D16<=200),((1-MIN(1,(MAX(D16,INDEX(B1_N,1))-INDEX(B1_N,MIN(MATCH(MAX(D16,INDEX(B1_N,1)),B1_N,1),ROWS(B1_N)-1)))/(INDEX(B1_N,MIN(MATCH(MAX(D16,INDEX(B1_N,1)),B1_N,1),ROWS(B1_N)-1)+1)-INDEX(B1_N,MIN(MATCH(MAX(D16,INDEX(B1_N,1)),B1_N,1),ROWS(B1_N)-1)))))*((1-MIN(1,($C$3-INDEX(B1_P,1,MIN(MATCH($C$3,B1_P,1),COLUMNS(B1_P)-1)))/(INDEX(B1_P,1,MIN(MATCH($C$3,B1_P,1),COLUMNS(B1_P)-1)+1)-INDEX(B1_P,1,MIN(MATCH($C$3,B1_P,1),COLUMNS(B1_P)-1)))))*INDEX(B1_G,MIN(MATCH(MAX(D16,INDEX(B1_N,1)),B1_N,1),ROWS(B1_N)-1),MIN(MATCH($C$3,B1_P,1),COLUMNS(B1_P)-1))+MIN(1,($C$3-INDEX(B1_P,1,MIN(MATCH($C$3,B1_P,1),COLUMNS(B1_P)-1)))/(INDEX(B1_P,1,MIN(MATCH($C$3,B1_P,1),COLUMNS(B1_P)-1)+1)-INDEX(B1_P,1,MIN(MATCH($C$3,B1_P,1),COLUMNS(B1_P)-1))))*INDEX(B1_G,MIN(MATCH(MAX(D16,INDEX(B1_N,1)),B1_N,1),ROWS(B1_N)-1),MIN(MATCH($C$3,B1_P,1),COLUMNS(B1_P)-1)+1))+MIN(1,(MAX(D16,INDEX(B1_N,1))-INDEX(B1_N,MIN(MATCH(MAX(D16,INDEX(B1_N,1)),B1_N,1),ROWS(B1_N)-1)))/(INDEX(B1_N,MIN(MATCH(MAX(D16,INDEX(B1_N,1)),B1_N,1),ROWS(B1_N)-1)+1)-INDEX(B1_N,MIN(MATCH(MAX(D16,INDEX(B1_N,1)),B1_N,1),ROWS(B1_N)-1))))*((1-MIN(1,($C$3-INDEX(B1_P,1,MIN(MATCH($C$3,B1_P,1),COLUMNS(B1_P)-1)))/(INDEX(B1_P,1,MIN(MATCH($C$3,B1_P,1),COLUMNS(B1_P)-1)+1)-INDEX(B1_P,1,MIN(MATCH($C$3,B1_P,1),COLUMNS(B1_P)-1)))))*INDEX(B1_G,MIN(MATCH(MAX(D16,INDEX(B1_N,1)),B1_N,1),ROWS(B1_N)-1)+1,MIN(MATCH($C$3,B1_P,1),COLUMNS(B1_P)-1))+MIN(1,($C$3-INDEX(B1_P,1,MIN(MATCH($C$3,B1_P,1),COLUMNS(B1_P)-1)))/(INDEX(B1_P,1,MIN(MATCH($C$3,B1_P,1),COLUMNS(B1_P)-1)+1)-INDEX(B1_P,1,MIN(MATCH($C$3,B1_P,1),COLUMNS(B1_P)-1))))*INDEX(B1_G,MIN(MATCH(MAX(D16,INDEX(B1_N,1)),B1_N,1),ROWS(B1_N)-1)+1,MIN(MATCH($C$3,B1_P,1),COLUMNS(B1_P)-1)+1))),IF((D16*$C$3)<INDEX(B2_NP,1),0.2,IF((D16*$C$3)>=INDEX(B2_NP,ROWS(B2_NP)),INDEX(B2_A,ROWS(B2_NP)),INDEX(B2_A,MATCH((D16*$C$3),B2_NP,1))+((D16*$C$3)-INDEX(B2_NP,MATCH((D16*$C$3),B2_NP,1)))*(INDEX(B2_A,MATCH((D16*$C$3),B2_NP,1)+1)-INDEX(B2_A,MATCH((D16*$C$3),B2_NP,1)))/(INDEX(B2_NP,MATCH((D16*$C$3),B2_NP,1)+1)-INDEX(B2_NP,MATCH((D16*$C$3),B2_NP,1)))))) -> 0.55260606 | G16: =5*$C$4*F16 -> 0.55260606 | H16: 25 | I16: =INDEX(VGP_DR,MATCH(H16,VGP_DN,0)) -> 26.1 | J16: =G16/1000/(PI()*(I16/1000)^2/4) -> 1.0328678 | K16: =1000*IF(J16<1.2,0.000912*J16^2/(I16/1000)^1.3*(1+0.867/J16)^0.3,0.00107*J16^2/(I16/1000)^1.3) -> 133.61502 | L16: =K16/1000*C16 -> 0.42756805 | M16: =L16*(1+$C$5) -> 0.55583846 | N16: =IF(AND(J16>=0.3,J16<=1.2),"да","нет") -> да
A17: 10 | B17: Ст.В1-4, эт. 5-4 | C17: 3.2 | D17: 56 | E17: =D17*$C$3 -> 0.37713384 | F17: =IF(AND($C$3>0.1,D17<=200),((1-MIN(1,(MAX(D17,INDEX(B1_N,1))-INDEX(B1_N,MIN(MATCH(MAX(D17,INDEX(B1_N,1)),B1_N,1),ROWS(B1_N)-1)))/(INDEX(B1_N,MIN(MATCH(MAX(D17,INDEX(B1_N,1)),B1_N,1),ROWS(B1_N)-1)+1)-INDEX(B1_N,MIN(MATCH(MAX(D17,INDEX(B1_N,1)),B1_N,1),ROWS(B1_N)-1)))))*((1-MIN(1,($C$3-INDEX(B1_P,1,MIN(MATCH($C$3,B1_P,1),COLUMNS(B1_P)-1)))/(INDEX(B1_P,1,MIN(MATCH($C$3,B1_P,1),COLUMNS(B1_P)-1)+1)-INDEX(B1_P,1,MIN(MATCH($C$3,B1_P,1),COLUMNS(B1_P)-1)))))*INDEX(B1_G,MIN(MATCH(MAX(D17,INDEX(B1_N,1)),B1_N,1),ROWS(B1_N)-1),MIN(MATCH($C$3,B1_P,1),COLUMNS(B1_P)-1))+MIN(1,($C$3-INDEX(B1_P,1,MIN(MATCH($C$3,B1_P,1),COLUMNS(B1_P)-1)))/(INDEX(B1_P,1,MIN(MATCH($C$3,B1_P,1),COLUMNS(B1_P)-1)+1)-INDEX(B1_P,1,MIN(MATCH($C$3,B1_P,1),COLUMNS(B1_P)-1))))*INDEX(B1_G,MIN(MATCH(MAX(D17,INDEX(B1_N,1)),B1_N,1),ROWS(B1_N)-1),MIN(MATCH($C$3,B1_P,1),COLUMNS(B1_P)-1)+1))+MIN(1,(MAX(D17,INDEX(B1_N,1))-INDEX(B1_N,MIN(MATCH(MAX(D17,INDEX(B1_N,1)),B1_N,1),ROWS(B1_N)-1)))/(INDEX(B1_N,MIN(MATCH(MAX(D17,INDEX(B1_N,1)),B1_N,1),ROWS(B1_N)-1)+1)-INDEX(B1_N,MIN(MATCH(MAX(D17,INDEX(B1_N,1)),B1_N,1),ROWS(B1_N)-1))))*((1-MIN(1,($C$3-INDEX(B1_P,1,MIN(MATCH($C$3,B1_P,1),COLUMNS(B1_P)-1)))/(INDEX(B1_P,1,MIN(MATCH($C$3,B1_P,1),COLUMNS(B1_P)-1)+1)-INDEX(B1_P,1,MIN(MATCH($C$3,B1_P,1),COLUMNS(B1_P)-1)))))*INDEX(B1_G,MIN(MATCH(MAX(D17,INDEX(B1_N,1)),B1_N,1),ROWS(B1_N)-1)+1,MIN(MATCH($C$3,B1_P,1),COLUMNS(B1_P)-1))+MIN(1,($C$3-INDEX(B1_P,1,MIN(MATCH($C$3,B1_P,1),COLUMNS(B1_P)-1)))/(INDEX(B1_P,1,MIN(MATCH($C$3,B1_P,1),COLUMNS(B1_P)-1)+1)-INDEX(B1_P,1,MIN(MATCH($C$3,B1_P,1),COLUMNS(B1_P)-1))))*INDEX(B1_G,MIN(MATCH(MAX(D17,INDEX(B1_N,1)),B1_N,1),ROWS(B1_N)-1)+1,MIN(MATCH($C$3,B1_P,1),COLUMNS(B1_P)-1)+1))),IF((D17*$C$3)<INDEX(B2_NP,1),0.2,IF((D17*$C$3)>=INDEX(B2_NP,ROWS(B2_NP)),INDEX(B2_A,ROWS(B2_NP)),INDEX(B2_A,MATCH((D17*$C$3),B2_NP,1))+((D17*$C$3)-INDEX(B2_NP,MATCH((D17*$C$3),B2_NP,1)))*(INDEX(B2_A,MATCH((D17*$C$3),B2_NP,1)+1)-INDEX(B2_A,MATCH((D17*$C$3),B2_NP,1)))/(INDEX(B2_NP,MATCH((D17*$C$3),B2_NP,1)+1)-INDEX(B2_NP,MATCH((D17*$C$3),B2_NP,1)))))) -> 0.59299369 | G17: =5*$C$4*F17 -> 0.59299369 | H17: 25 | I17: =INDEX(VGP_DR,MATCH(H17,VGP_DN,0)) -> 26.1 | J17: =G17/1000/(PI()*(I17/1000)^2/4) -> 1.1083557 | K17: =1000*IF(J17<1.2,0.000912*J17^2/(I17/1000)^1.3*(1+0.867/J17)^0.3,0.00107*J17^2/(I17/1000)^1.3) -> 152.40891 | L17: =K17/1000*C17 -> 0.48770853 | M17: =L17*(1+$C$5) -> 0.63402108 | N17: =IF(AND(J17>=0.3,J17<=1.2),"да","нет") -> да
A18: 11 | B18: Ст.В1-4, эт. 4-3 | C18: 3.2 | D18: 64 | E18: =D18*$C$3 -> 0.4310101 | F18: =IF(AND($C$3>0.1,D18<=200),((1-MIN(1,(MAX(D18,INDEX(B1_N,1))-INDEX(B1_N,MIN(MATCH(MAX(D18,INDEX(B1_N,1)),B1_N,1),ROWS(B1_N)-1)))/(INDEX(B1_N,MIN(MATCH(MAX(D18,INDEX(B1_N,1)),B1_N,1),ROWS(B1_N)-1)+1)-INDEX(B1_N,MIN(MATCH(MAX(D18,INDEX(B1_N,1)),B1_N,1),ROWS(B1_N)-1)))))*((1-MIN(1,($C$3-INDEX(B1_P,1,MIN(MATCH($C$3,B1_P,1),COLUMNS(B1_P)-1)))/(INDEX(B1_P,1,MIN(MATCH($C$3,B1_P,1),COLUMNS(B1_P)-1)+1)-INDEX(B1_P,1,MIN(MATCH($C$3,B1_P,1),COLUMNS(B1_P)-1)))))*INDEX(B1_G,MIN(MATCH(MAX(D18,INDEX(B1_N,1)),B1_N,1),ROWS(B1_N)-1),MIN(MATCH($C$3,B1_P,1),COLUMNS(B1_P)-1))+MIN(1,($C$3-INDEX(B1_P,1,MIN(MATCH($C$3,B1_P,1),COLUMNS(B1_P)-1)))/(INDEX(B1_P,1,MIN(MATCH($C$3,B1_P,1),COLUMNS(B1_P)-1)+1)-INDEX(B1_P,1,MIN(MATCH($C$3,B1_P,1),COLUMNS(B1_P)-1))))*INDEX(B1_G,MIN(MATCH(MAX(D18,INDEX(B1_N,1)),B1_N,1),ROWS(B1_N)-1),MIN(MATCH($C$3,B1_P,1),COLUMNS(B1_P)-1)+1))+MIN(1,(MAX(D18,INDEX(B1_N,1))-INDEX(B1_N,MIN(MATCH(MAX(D18,INDEX(B1_N,1)),B1_N,1),ROWS(B1_N)-1)))/(INDEX(B1_N,MIN(MATCH(MAX(D18,INDEX(B1_N,1)),B1_N,1),ROWS(B1_N)-1)+1)-INDEX(B1_N,MIN(MATCH(MAX(D18,INDEX(B1_N,1)),B1_N,1),ROWS(B1_N)-1))))*((1-MIN(1,($C$3-INDEX(B1_P,1,MIN(MATCH($C$3,B1_P,1),COLUMNS(B1_P)-1)))/(INDEX(B1_P,1,MIN(MATCH($C$3,B1_P,1),COLUMNS(B1_P)-1)+1)-INDEX(B1_P,1,MIN(MATCH($C$3,B1_P,1),COLUMNS(B1_P)-1)))))*INDEX(B1_G,MIN(MATCH(MAX(D18,INDEX(B1_N,1)),B1_N,1),ROWS(B1_N)-1)+1,MIN(MATCH($C$3,B1_P,1),COLUMNS(B1_P)-1))+MIN(1,($C$3-INDEX(B1_P,1,MIN(MATCH($C$3,B1_P,1),COLUMNS(B1_P)-1)))/(INDEX(B1_P,1,MIN(MATCH($C$3,B1_P,1),COLUMNS(B1_P)-1)+1)-INDEX(B1_P,1,MIN(MATCH($C$3,B1_P,1),COLUMNS(B1_P)-1))))*INDEX(B1_G,MIN(MATCH(MAX(D18,INDEX(B1_N,1)),B1_N,1),ROWS(B1_N)-1)+1,MIN(MATCH($C$3,B1_P,1),COLUMNS(B1_P)-1)+1))),IF((D18*$C$3)<INDEX(B2_NP,1),0.2,IF((D18*$C$3)>=INDEX(B2_NP,ROWS(B2_NP)),INDEX(B2_A,ROWS(B2_NP)),INDEX(B2_A,MATCH((D18*$C$3),B2_NP,1))+((D18*$C$3)-INDEX(B2_NP,MATCH((D18*$C$3),B2_NP,1)))*(INDEX(B2_A,MATCH((D18*$C$3),B2_NP,1)+1)-INDEX(B2_A,MATCH((D18*$C$3),B2_NP,1)))/(INDEX(B2_NP,MATCH((D18*$C$3),B2_NP,1)+1)-INDEX(B2_NP,MATCH((D18*$C$3),B2_NP,1)))))) -> 0.63170707 | G18: =5*$C$4*F18 -> 0.63170707 | H18: 25 | I18: =INDEX(VGP_DR,MATCH(H18,VGP_DN,0)) -> 26.1 | J18: =G18/1000/(PI()*(I18/1000)^2/4) -> 1.1807144 | K18: =1000*IF(J18<1.2,0.000912*J18^2/(I18/1000)^1.3*(1+0.867/J18)^0.3,0.00107*J18^2/(I18/1000)^1.3) -> 171.54941 | L18: =K18/1000*C18 -> 0.5489581 | M18: =L18*(1+$C$5) -> 0.71364553 | N18: =IF(AND(J18>=0.3,J18<=1.2),"да","нет") -> да
A19: 12 | B19: Ст.В1-4, эт. 3-2 | C19: 3.2 | D19: 72 | E19: =D19*$C$3 -> 0.48488636 | F19: =IF(AND($C$3>0.1,D19<=200),((1-MIN(1,(MAX(D19,INDEX(B1_N,1))-INDEX(B1_N,MIN(MATCH(MAX(D19,INDEX(B1_N,1)),B1_N,1),ROWS(B1_N)-1)))/(INDEX(B1_N,MIN(MATCH(MAX(D19,INDEX(B1_N,1)),B1_N,1),ROWS(B1_N)-1)+1)-INDEX(B1_N,MIN(MATCH(MAX(D19,INDEX(B1_N,1)),B1_N,1),ROWS(B1_N)-1)))))*((1-MIN(1,($C$3-INDEX(B1_P,1,MIN(MATCH($C$3,B1_P,1),COLUMNS(B1_P)-1)))/(INDEX(B1_P,1,MIN(MATCH($C$3,B1_P,1),COLUMNS(B1_P)-1)+1)-INDEX(B1_P,1,MIN(MATCH($C$3,B1_P,1),COLUMNS(B1_P)-1)))))*INDEX(B1_G,MIN(MATCH(MAX(D19,INDEX(B1_N,1)),B1_N,1),ROWS(B1_N)-1),MIN(MATCH($C$3,B1_P,1),COLUMNS(B1_P)-1))+MIN(1,($C$3-INDEX(B1_P,1,MIN(MATCH($C$3,B1_P,1),COLUMNS(B1_P)-1)))/(INDEX(B1_P,1,MIN(MATCH($C$3,B1_P,1),COLUMNS(B1_P)-1)+1)-INDEX(B1_P,1,MIN(MATCH($C$3,B1_P,1),COLUMNS(B1_P)-1))))*INDEX(B1_G,MIN(MATCH(MAX(D19,INDEX(B1_N,1)),B1_N,1),ROWS(B1_N)-1),MIN(MATCH($C$3,B1_P,1),COLUMNS(B1_P)-1)+1))+MIN(1,(MAX(D19,INDEX(B1_N,1))-INDEX(B1_N,MIN(MATCH(MAX(D19,INDEX(B1_N,1)),B1_N,1),ROWS(B1_N)-1)))/(INDEX(B1_N,MIN(MATCH(MAX(D19,INDEX(B1_N,1)),B1_N,1),ROWS(B1_N)-1)+1)-INDEX(B1_N,MIN(MATCH(MAX(D19,INDEX(B1_N,1)),B1_N,1),ROWS(B1_N)-1))))*((1-MIN(1,($C$3-INDEX(B1_P,1,MIN(MATCH($C$3,B1_P,1),COLUMNS(B1_P)-1)))/(INDEX(B1_P,1,MIN(MATCH($C$3,B1_P,1),COLUMNS(B1_P)-1)+1)-INDEX(B1_P,1,MIN(MATCH($C$3,B1_P,1),COLUMNS(B1_P)-1)))))*INDEX(B1_G,MIN(MATCH(MAX(D19,INDEX(B1_N,1)),B1_N,1),ROWS(B1_N)-1)+1,MIN(MATCH($C$3,B1_P,1),COLUMNS(B1_P)-1))+MIN(1,($C$3-INDEX(B1_P,1,MIN(MATCH($C$3,B1_P,1),COLUMNS(B1_P)-1)))/(INDEX(B1_P,1,MIN(MATCH($C$3,B1_P,1),COLUMNS(B1_P)-1)+1)-INDEX(B1_P,1,MIN(MATCH($C$3,B1_P,1),COLUMNS(B1_P)-1))))*INDEX(B1_G,MIN(MATCH(MAX(D19,INDEX(B1_N,1)),B1_N,1),ROWS(B1_N)-1)+1,MIN(MATCH($C$3,B1_P,1),COLUMNS(B1_P)-1)+1))),IF((D19*$C$3)<INDEX(B2_NP,1),0.2,IF((D19*$C$3)>=INDEX(B2_NP,ROWS(B2_NP)),INDEX(B2_A,ROWS(B2_NP)),INDEX(B2_A,MATCH((D19*$C$3),B2_NP,1))+((D19*$C$3)-INDEX(B2_NP,MATCH((D19*$C$3),B2_NP,1)))*(INDEX(B2_A,MATCH((D19*$C$3),B2_NP,1)+1)-INDEX(B2_A,MATCH((D19*$C$3),B2_NP,1)))/(INDEX(B2_NP,MATCH((D19*$C$3),B2_NP,1)+1)-INDEX(B2_NP,MATCH((D19*$C$3),B2_NP,1)))))) -> 0.66842045 | G19: =5*$C$4*F19 -> 0.66842045 | H19: 32 | I19: =INDEX(VGP_DR,MATCH(H19,VGP_DN,0)) -> 34.9 | J19: =G19/1000/(PI()*(I19/1000)^2/4) -> 0.69872937 | K19: =1000*IF(J19<1.2,0.000912*J19^2/(I19/1000)^1.3*(1+0.867/J19)^0.3,0.00107*J19^2/(I19/1000)^1.3) -> 44.469484 | L19: =K19/1000*C19 -> 0.14230235 | M19: =L19*(1+$C$5) -> 0.18499305 | N19: =IF(AND(J19>=0.3,J19<=1.2),"да","нет") -> да
A20: 13 | B20: Ст.В1-4, эт. 2-1 | C20: 3.2 | D20: 80 | E20: =D20*$C$3 -> 0.53876263 | F20: =IF(AND($C$3>0.1,D20<=200),((1-MIN(1,(MAX(D20,INDEX(B1_N,1))-INDEX(B1_N,MIN(MATCH(MAX(D20,INDEX(B1_N,1)),B1_N,1),ROWS(B1_N)-1)))/(INDEX(B1_N,MIN(MATCH(MAX(D20,INDEX(B1_N,1)),B1_N,1),ROWS(B1_N)-1)+1)-INDEX(B1_N,MIN(MATCH(MAX(D20,INDEX(B1_N,1)),B1_N,1),ROWS(B1_N)-1)))))*((1-MIN(1,($C$3-INDEX(B1_P,1,MIN(MATCH($C$3,B1_P,1),COLUMNS(B1_P)-1)))/(INDEX(B1_P,1,MIN(MATCH($C$3,B1_P,1),COLUMNS(B1_P)-1)+1)-INDEX(B1_P,1,MIN(MATCH($C$3,B1_P,1),COLUMNS(B1_P)-1)))))*INDEX(B1_G,MIN(MATCH(MAX(D20,INDEX(B1_N,1)),B1_N,1),ROWS(B1_N)-1),MIN(MATCH($C$3,B1_P,1),COLUMNS(B1_P)-1))+MIN(1,($C$3-INDEX(B1_P,1,MIN(MATCH($C$3,B1_P,1),COLUMNS(B1_P)-1)))/(INDEX(B1_P,1,MIN(MATCH($C$3,B1_P,1),COLUMNS(B1_P)-1)+1)-INDEX(B1_P,1,MIN(MATCH($C$3,B1_P,1),COLUMNS(B1_P)-1))))*INDEX(B1_G,MIN(MATCH(MAX(D20,INDEX(B1_N,1)),B1_N,1),ROWS(B1_N)-1),MIN(MATCH($C$3,B1_P,1),COLUMNS(B1_P)-1)+1))+MIN(1,(MAX(D20,INDEX(B1_N,1))-INDEX(B1_N,MIN(MATCH(MAX(D20,INDEX(B1_N,1)),B1_N,1),ROWS(B1_N)-1)))/(INDEX(B1_N,MIN(MATCH(MAX(D20,INDEX(B1_N,1)),B1_N,1),ROWS(B1_N)-1)+1)-INDEX(B1_N,MIN(MATCH(MAX(D20,INDEX(B1_N,1)),B1_N,1),ROWS(B1_N)-1))))*((1-MIN(1,($C$3-INDEX(B1_P,1,MIN(MATCH($C$3,B1_P,1),COLUMNS(B1_P)-1)))/(INDEX(B1_P,1,MIN(MATCH($C$3,B1_P,1),COLUMNS(B1_P)-1)+1)-INDEX(B1_P,1,MIN(MATCH($C$3,B1_P,1),COLUMNS(B1_P)-1)))))*INDEX(B1_G,MIN(MATCH(MAX(D20,INDEX(B1_N,1)),B1_N,1),ROWS(B1_N)-1)+1,MIN(MATCH($C$3,B1_P,1),COLUMNS(B1_P)-1))+MIN(1,($C$3-INDEX(B1_P,1,MIN(MATCH($C$3,B1_P,1),COLUMNS(B1_P)-1)))/(INDEX(B1_P,1,MIN(MATCH($C$3,B1_P,1),COLUMNS(B1_P)-1)+1)-INDEX(B1_P,1,MIN(MATCH($C$3,B1_P,1),COLUMNS(B1_P)-1))))*INDEX(B1_G,MIN(MATCH(MAX(D20,INDEX(B1_N,1)),B1_N,1),ROWS(B1_N)-1)+1,MIN(MATCH($C$3,B1_P,1),COLUMNS(B1_P)-1)+1))),IF((D20*$C$3)<INDEX(B2_NP,1),0.2,IF((D20*$C$3)>=INDEX(B2_NP,ROWS(B2_NP)),INDEX(B2_A,ROWS(B2_NP)),INDEX(B2_A,MATCH((D20*$C$3),B2_NP,1))+((D20*$C$3)-INDEX(B2_NP,MATCH((D20*$C$3),B2_NP,1)))*(INDEX(B2_A,MATCH((D20*$C$3),B2_NP,1)+1)-INDEX(B2_A,MATCH((D20*$C$3),B2_NP,1)))/(INDEX(B2_NP,MATCH((D20*$C$3),B2_NP,1)+1)-INDEX(B2_NP,MATCH((D20*$C$3),B2_NP,1)))))) -> 0.70325758 | G20: =5*$C$4*F20 -> 0.70325758 | H20: 32 | I20: =INDEX(VGP_DR,MATCH(H20,VGP_DN,0)) -> 34.9 | J20: =G20/1000/(PI()*(I20/1000)^2/4) -> 0.73514614 | K20: =1000*IF(J20<1.2,0.000912*J20^2/(I20/1000)^1.3*(1+0.867/J20)^0.3,0.00107*J20^2/(I20/1000)^1.3) -> 48.816618 | L20: =K20/1000*C20 -> 0.15621318 | M20: =L20*(1+$C$5) -> 0.20307713 | N20: =IF(AND(J20>=0.3,J20<=1.2),"да","нет") -> да
A21: 14 | B21: Ст.В1-4, эт. 1 - магистраль | C21: 1.3 | D21: 88 | E21: =D21*$C$3 -> 0.59263889 | F21: =IF(AND($C$3>0.1,D21<=200),((1-MIN(1,(MAX(D21,INDEX(B1_N,1))-INDEX(B1_N,MIN(MATCH(MAX(D21,INDEX(B1_N,1)),B1_N,1),ROWS(B1_N)-1)))/(INDEX(B1_N,MIN(MATCH(MAX(D21,INDEX(B1_N,1)),B1_N,1),ROWS(B1_N)-1)+1)-INDEX(B1_N,MIN(MATCH(MAX(D21,INDEX(B1_N,1)),B1_N,1),ROWS(B1_N)-1)))))*((1-MIN(1,($C$3-INDEX(B1_P,1,MIN(MATCH($C$3,B1_P,1),COLUMNS(B1_P)-1)))/(INDEX(B1_P,1,MIN(MATCH($C$3,B1_P,1),COLUMNS(B1_P)-1)+1)-INDEX(B1_P,1,MIN(MATCH($C$3,B1_P,1),COLUMNS(B1_P)-1)))))*INDEX(B1_G,MIN(MATCH(MAX(D21,INDEX(B1_N,1)),B1_N,1),ROWS(B1_N)-1),MIN(MATCH($C$3,B1_P,1),COLUMNS(B1_P)-1))+MIN(1,($C$3-INDEX(B1_P,1,MIN(MATCH($C$3,B1_P,1),COLUMNS(B1_P)-1)))/(INDEX(B1_P,1,MIN(MATCH($C$3,B1_P,1),COLUMNS(B1_P)-1)+1)-INDEX(B1_P,1,MIN(MATCH($C$3,B1_P,1),COLUMNS(B1_P)-1))))*INDEX(B1_G,MIN(MATCH(MAX(D21,INDEX(B1_N,1)),B1_N,1),ROWS(B1_N)-1),MIN(MATCH($C$3,B1_P,1),COLUMNS(B1_P)-1)+1))+MIN(1,(MAX(D21,INDEX(B1_N,1))-INDEX(B1_N,MIN(MATCH(MAX(D21,INDEX(B1_N,1)),B1_N,1),ROWS(B1_N)-1)))/(INDEX(B1_N,MIN(MATCH(MAX(D21,INDEX(B1_N,1)),B1_N,1),ROWS(B1_N)-1)+1)-INDEX(B1_N,MIN(MATCH(MAX(D21,INDEX(B1_N,1)),B1_N,1),ROWS(B1_N)-1))))*((1-MIN(1,($C$3-INDEX(B1_P,1,MIN(MATCH($C$3,B1_P,1),COLUMNS(B1_P)-1)))/(INDEX(B1_P,1,MIN(MATCH($C$3,B1_P,1),COLUMNS(B1_P)-1)+1)-INDEX(B1_P,1,MIN(MATCH($C$3,B1_P,1),COLUMNS(B1_P)-1)))))*INDEX(B1_G,MIN(MATCH(MAX(D21,INDEX(B1_N,1)),B1_N,1),ROWS(B1_N)-1)+1,MIN(MATCH($C$3,B1_P,1),COLUMNS(B1_P)-1))+MIN(1,($C$3-INDEX(B1_P,1,MIN(MATCH($C$3,B1_P,1),COLUMNS(B1_P)-1)))/(INDEX(B1_P,1,MIN(MATCH($C$3,B1_P,1),COLUMNS(B1_P)-1)+1)-INDEX(B1_P,1,MIN(MATCH($C$3,B1_P,1),COLUMNS(B1_P)-1))))*INDEX(B1_G,MIN(MATCH(MAX(D21,INDEX(B1_N,1)),B1_N,1),ROWS(B1_N)-1)+1,MIN(MATCH($C$3,B1_P,1),COLUMNS(B1_P)-1)+1))),IF((D21*$C$3)<INDEX(B2_NP,1),0.2,IF((D21*$C$3)>=INDEX(B2_NP,ROWS(B2_NP)),INDEX(B2_A,ROWS(B2_NP)),INDEX(B2_A,MATCH((D21*$C$3),B2_NP,1))+((D21*$C$3)-INDEX(B2_NP,MATCH((D21*$C$3),B2_NP,1)))*(INDEX(B2_A,MATCH((D21*$C$3),B2_NP,1)+1)-INDEX(B2_A,MATCH((D21*$C$3),B2_NP,1)))/(INDEX(B2_NP,MATCH((D21*$C$3),B2_NP,1)+1)-INDEX(B2_NP,MATCH((D21*$C$3),B2_NP,1)))))) -> 0.73758333 | G21: =5*$C$4*F21 -> 0.73758333 | H21: 32 | I21: =INDEX(VGP_DR,MATCH(H21,VGP_DN,0)) -> 34.9 | J21: =G21/1000/(PI()*(I21/1000)^2/4) -> 0.77102837 | K21: =1000*IF(J21<1.2,0.000912*J21^2/(I21/1000)^1.3*(1+0.867/J21)^0.3,0.00107*J21^2/(I21/1000)^1.3) -> 53.289031 | L21: =K21/1000*C21 -> 0.06927574 | M21: =L21*(1+$C$5) -> 0.090058462 | N21: =IF(AND(J21>=0.3,J21<=1.2),"да","нет") -> да
A22: 15 | B22: магистраль Ст.В1-4 – Ст.В1-3 | C22: 15.3 | D22: 88 | E22: =D22*$C$3 -> 0.59263889 | F22: =IF(AND($C$3>0.1,D22<=200),((1-MIN(1,(MAX(D22,INDEX(B1_N,1))-INDEX(B1_N,MIN(MATCH(MAX(D22,INDEX(B1_N,1)),B1_N,1),ROWS(B1_N)-1)))/(INDEX(B1_N,MIN(MATCH(MAX(D22,INDEX(B1_N,1)),B1_N,1),ROWS(B1_N)-1)+1)-INDEX(B1_N,MIN(MATCH(MAX(D22,INDEX(B1_N,1)),B1_N,1),ROWS(B1_N)-1)))))*((1-MIN(1,($C$3-INDEX(B1_P,1,MIN(MATCH($C$3,B1_P,1),COLUMNS(B1_P)-1)))/(INDEX(B1_P,1,MIN(MATCH($C$3,B1_P,1),COLUMNS(B1_P)-1)+1)-INDEX(B1_P,1,MIN(MATCH($C$3,B1_P,1),COLUMNS(B1_P)-1)))))*INDEX(B1_G,MIN(MATCH(MAX(D22,INDEX(B1_N,1)),B1_N,1),ROWS(B1_N)-1),MIN(MATCH($C$3,B1_P,1),COLUMNS(B1_P)-1))+MIN(1,($C$3-INDEX(B1_P,1,MIN(MATCH($C$3,B1_P,1),COLUMNS(B1_P)-1)))/(INDEX(B1_P,1,MIN(MATCH($C$3,B1_P,1),COLUMNS(B1_P)-1)+1)-INDEX(B1_P,1,MIN(MATCH($C$3,B1_P,1),COLUMNS(B1_P)-1))))*INDEX(B1_G,MIN(MATCH(MAX(D22,INDEX(B1_N,1)),B1_N,1),ROWS(B1_N)-1),MIN(MATCH($C$3,B1_P,1),COLUMNS(B1_P)-1)+1))+MIN(1,(MAX(D22,INDEX(B1_N,1))-INDEX(B1_N,MIN(MATCH(MAX(D22,INDEX(B1_N,1)),B1_N,1),ROWS(B1_N)-1)))/(INDEX(B1_N,MIN(MATCH(MAX(D22,INDEX(B1_N,1)),B1_N,1),ROWS(B1_N)-1)+1)-INDEX(B1_N,MIN(MATCH(MAX(D22,INDEX(B1_N,1)),B1_N,1),ROWS(B1_N)-1))))*((1-MIN(1,($C$3-INDEX(B1_P,1,MIN(MATCH($C$3,B1_P,1),COLUMNS(B1_P)-1)))/(INDEX(B1_P,1,MIN(MATCH($C$3,B1_P,1),COLUMNS(B1_P)-1)+1)-INDEX(B1_P,1,MIN(MATCH($C$3,B1_P,1),COLUMNS(B1_P)-1)))))*INDEX(B1_G,MIN(MATCH(MAX(D22,INDEX(B1_N,1)),B1_N,1),ROWS(B1_N)-1)+1,MIN(MATCH($C$3,B1_P,1),COLUMNS(B1_P)-1))+MIN(1,($C$3-INDEX(B1_P,1,MIN(MATCH($C$3,B1_P,1),COLUMNS(B1_P)-1)))/(INDEX(B1_P,1,MIN(MATCH($C$3,B1_P,1),COLUMNS(B1_P)-1)+1)-INDEX(B1_P,1,MIN(MATCH($C$3,B1_P,1),COLUMNS(B1_P)-1))))*INDEX(B1_G,MIN(MATCH(MAX(D22,INDEX(B1_N,1)),B1_N,1),ROWS(B1_N)-1)+1,MIN(MATCH($C$3,B1_P,1),COLUMNS(B1_P)-1)+1))),IF((D22*$C$3)<INDEX(B2_NP,1),0.2,IF((D22*$C$3)>=INDEX(B2_NP,ROWS(B2_NP)),INDEX(B2_A,ROWS(B2_NP)),INDEX(B2_A,MATCH((D22*$C$3),B2_NP,1))+((D22*$C$3)-INDEX(B2_NP,MATCH((D22*$C$3),B2_NP,1)))*(INDEX(B2_A,MATCH((D22*$C$3),B2_NP,1)+1)-INDEX(B2_A,MATCH((D22*$C$3),B2_NP,1)))/(INDEX(B2_NP,MATCH((D22*$C$3),B2_NP,1)+1)-INDEX(B2_NP,MATCH((D22*$C$3),B2_NP,1)))))) -> 0.73758333 | G22: =5*$C$4*F22 -> 0.73758333 | H22: 32 | I22: =INDEX(VGP_DR,MATCH(H22,VGP_DN,0)) -> 34.9 | J22: =G22/1000/(PI()*(I22/1000)^2/4) -> 0.77102837 | K22: =1000*IF(J22<1.2,0.000912*J22^2/(I22/1000)^1.3*(1+0.867/J22)^0.3,0.00107*J22^2/(I22/1000)^1.3) -> 53.289031 | L22: =K22/1000*C22 -> 0.81532217 | M22: =L22*(1+$C$5) -> 1.0599188 | N22: =IF(AND(J22>=0.3,J22<=1.2),"да","нет") -> да
... A25: 18 | B25: в насосной (после ответвления на ГВС) | C25: 3.5 | D25: 264 | E25: =D25*$C$3 -> 1.7779167 | F25: =IF(AND($C$3>0.1,D25<=200),((1-MIN(1,(MAX(D25,INDEX(B1_N,1))-INDEX(B1_N,MIN(MATCH(MAX(D25,INDEX(B1_N,1)),B1_N,1),ROWS(B1_N)-1)))/(INDEX(B1_N,MIN(MATCH(MAX(D25,INDEX(B1_N,1)),B1_N,1),ROWS(B1_N)-1)+1)-INDEX(B1_N,MIN(MATCH(MAX(D25,INDEX(B1_N,1)),B1_N,1),ROWS(B1_N)-1)))))*((1-MIN(1,($C$3-INDEX(B1_P,1,MIN(MATCH($C$3,B1_P,1),COLUMNS(B1_P)-1)))/(INDEX(B1_P,1,MIN(MATCH($C$3,B1_P,1),COLUMNS(B1_P)-1)+1)-INDEX(B1_P,1,MIN(MATCH($C$3,B1_P,1),COLUMNS(B1_P)-1)))))*INDEX(B1_G,MIN(MATCH(MAX(D25,INDEX(B1_N,1)),B1_N,1),ROWS(B1_N)-1),MIN(MATCH($C$3,B1_P,1),COLUMNS(B1_P)-1))+MIN(1,($C$3-INDEX(B1_P,1,MIN(MATCH($C$3,B1_P,1),COLUMNS(B1_P)-1)))/(INDEX(B1_P,1,MIN(MATCH($C$3,B1_P,1),COLUMNS(B1_P)-1)+1)-INDEX(B1_P,1,MIN(MATCH($C$3,B1_P,1),COLUMNS(B1_P)-1))))*INDEX(B1_G,MIN(MATCH(MAX(D25,INDEX(B1_N,1)),B1_N,1),ROWS(B1_N)-1),MIN(MATCH($C$3,B1_P,1),COLUMNS(B1_P)-1)+1))+MIN(1,(MAX(D25,INDEX(B1_N,1))-INDEX(B1_N,MIN(MATCH(MAX(D25,INDEX(B1_N,1)),B1_N,1),ROWS(B1_N)-1)))/(INDEX(B1_N,MIN(MATCH(MAX(D25,INDEX(B1_N,1)),B1_N,1),ROWS(B1_N)-1)+1)-INDEX(B1_N,MIN(MATCH(MAX(D25,INDEX(B1_N,1)),B1_N,1),ROWS(B1_N)-1))))*((1-MIN(1,($C$3-INDEX(B1_P,1,MIN(MATCH($C$3,B1_P,1),COLUMNS(B1_P)-1)))/(INDEX(B1_P,1,MIN(MATCH($C$3,B1_P,1),COLUMNS(B1_P)-1)+1)-INDEX(B1_P,1,MIN(MATCH($C$3,B1_P,1),COLUMNS(B1_P)-1)))))*INDEX(B1_G,MIN(MATCH(MAX(D25,INDEX(B1_N,1)),B1_N,1),ROWS(B1_N)-1)+1,MIN(MATCH($C$3,B1_P,1),COLUMNS(B1_P)-1))+MIN(1,($C$3-INDEX(B1_P,1,MIN(MATCH($C$3,B1_P,1),COLUMNS(B1_P)-1)))/(INDEX(B1_P,1,MIN(MATCH($C$3,B1_P,1),COLUMNS(B1_P)-1)+1)-INDEX(B1_P,1,MIN(MATCH($C$3,B1_P,1),COLUMNS(B1_P)-1))))*INDEX(B1_G,MIN(MATCH(MAX(D25,INDEX(B1_N,1)),B1_N,1),ROWS(B1_N)-1)+1,MIN(MATCH($C$3,B1_P,1),COLUMNS(B1_P)-1)+1))),IF((D25*$C$3)<INDEX(B2_NP,1),0.2,IF((D25*$C$3)>=INDEX(B2_NP,ROWS(B2_NP)),INDEX(B2_A,ROWS(B2_NP)),INDEX(B2_A,MATCH((D25*$C$3),B2_NP,1))+((D25*$C$3)-INDEX(B2_NP,MATCH((D25*$C$3),B2_NP,1)))*(INDEX(B2_A,MATCH((D25*$C$3),B2_NP,1)+1)-INDEX(B2_A,MATCH((D25*$C$3),B2_NP,1)))/(INDEX(B2_NP,MATCH((D25*$C$3),B2_NP,1)+1)-INDEX(B2_NP,MATCH((D25*$C$3),B2_NP,1)))))) -> 1.3402833 | G25: =5*$C$4*F25 -> 1.3402833 | H25: 40 | I25: =INDEX(VGP_DR,MATCH(H25,VGP_DN,0)) -> 40 | J25: =G25/1000/(PI()*(I25/1000)^2/4) -> 1.0665636 | K25: =1000*IF(J25<1.2,0.000912*J25^2/(I25/1000)^1.3*(1+0.867/J25)^0.3,0.00107*J25^2/(I25/1000)^1.3) -> 81.433269 | L25: =K25/1000*C25 -> 0.28501644 | M25: =L25*(1+$C$5) -> 0.37052137 | N25: =IF(AND(J25>=0.3,J25<=1.2),"да","нет") -> да
L26: Σh, м | M26: =SUM(M8:M25) -> 9.3150721
A27: Потери по Шевелёву для неновых стальных труб: v < 1,2 м/с — i = 0,000912·v²/d^1,3·(1 + 0,867/v)^0,3; v ≥ 1,2 м/с — i = 0,00107·v²/d^1,3 (d — расчётный диаметр, м). Скорость: магистраль и стояки до 1,2 м/с, подводки до 1,5 м/с.
B29: Ввод (общий расход — ГВС готовится в ИТП здания)
B30: q^tot, л/с | C30: =Расходы!N4 -> 2.5835556
B31: Ø ПЭ100 SDR17, мм | C31: 63
B32: d_вн, мм | C32: =INDEX(PE_DV,MATCH(C31,PE_DN,0)) -> 55.4
B33: v, м/с | C33: =C30/1000/(PI()*(C32/1000)^2/4) -> 1.0717868
B34: Re (ν = 1,31·10⁻⁶ м²/с) | C34: =C33*C32/1000/0.00000131 -> 45325.945
B35: λ (Свами–Джейн, Δ = 0,01 мм) | C35: =0.25/LOG10(0.00001/(3.7*C32/1000)+5.74/C34^0.9)^2 -> 0.021908772
B36: i | C36: =C35/(C32/1000)*C33^2/(2*9.81) -> 0.023154002
B37: Длина ввода L, м | C37: 25
B38: h_ввод = i·L·(1 + K_м.с), м | C38: =C36*C37*(1+$C$5) -> 0.75250506

Sheet Напор
A1: Счётчики воды, требуемый напор и насосная установка
A3: Общедомовой счётчик (пп. 12.14–12.16)
A5: Среднечасовой расход q_T^tot, м³/ч | C5: =Расходы!J4 -> 1.8825
A6: Секундный расход q^tot, л/с | C6: =Расходы!N4 -> 2.5835556
A7: Принят DN (наименьший подходящий по табл. 12.1) | C7: =INDEX(T121_DN,MATCH(TRUE(),T121_OK,0)) -> 40
A8: S, м/(л/с)² | C8: =INDEX(T121_S,MATCH(C7,T121_DN,0)) -> 0.5
A9: h_сч = S·q², м | C9: =C8*C6^2 -> 3.3373797
A11: Квартирный счётчик холодной воды
A12: Приборов в квартире (холодная вода) | C12: =Исходные!C15 -> 4
A13: α = f(N·P^c) | C13: =IF(AND(Расходы!K6>0.1,C12<=200),((1-MIN(1,(MAX(C12,INDEX(B1_N,1))-INDEX(B1_N,MIN(MATCH(MAX(C12,INDEX(B1_N,1)),B1_N,1),ROWS(B1_N)-1)))/(INDEX(B1_N,MIN(MATCH(MAX(C12,INDEX(B1_N,1)),B1_N,1),ROWS(B1_N)-1)+1)-INDEX(B1_N,MIN(MATCH(MAX(C12,INDEX(B1_N,1)),B1_N,1),ROWS(B1_N)-1)))))*((1-MIN(1,(Расходы!K6-INDEX(B1_P,1,MIN(MATCH(Расходы!K6,B1_P,1),COLUMNS(B1_P)-1)))/(INDEX(B1_P,1,MIN(MATCH(Расходы!K6,B1_P,1),COLUMNS(B1_P)-1)+1)-INDEX(B1_P,1,MIN(MATCH(Расходы!K6,B1_P,1),COLUMNS(B1_P)-1)))))*INDEX(B1_G,MIN(MATCH(MAX(C12,INDEX(B1_N,1)),B1_N,1),ROWS(B1_N)-1),MIN(MATCH(Расходы!K6,B1_P,1),COLUMNS(B1_P)-1))+MIN(1,(Расходы!K6-INDEX(B1_P,1,MIN(MATCH(Расходы!K6,B1_P,1),COLUMNS(B1_P)-1)))/(INDEX(B1_P,1,MIN(MATCH(Расходы!K6,B1_P,1),COLUMNS(B1_P)-1)+1)-INDEX(B1_P,1,MIN(MATCH(Расходы!K6,B1_P,1),COLUMNS(B1_P)-1))))*INDEX(B1_G,MIN(MATCH(MAX(C12,INDEX(B1_N,1)),B1_N,1),ROWS(B1_N)-1),MIN(MATCH(Расходы!K6,B1_P,1),COLUMNS(B1_P)-1)+1))+MIN(1,(MAX(C12,INDEX(B1_N,1))-INDEX(B1_N,MIN(MATCH(MAX(C12,INDEX(B1_N,1)),B1_N,1),ROWS(B1_N)-1)))/(INDEX(B1_N,MIN(MATCH(MAX(C12,INDEX(B1_N,1)),B1_N,1),ROWS(B1_N)-1)+1)-INDEX(B1_N,MIN(MATCH(MAX(C12,INDEX(B1_N,1)),B1_N,1),ROWS(B1_N)-1))))*((1-MIN(1,(Расходы!K6-INDEX(B1_P,1,MIN(MATCH(Расходы!K6,B1_P,1),COLUMNS(B1_P)-1)))/(INDEX(B1_P,1,MIN(MATCH(Расходы!K6,B1_P,1),COLUMNS(B1_P)-1)+1)-INDEX(B1_P,1,MIN(MATCH(Расходы!K6,B1_P,1),COLUMNS(B1_P)-1)))))*INDEX(B1_G,MIN(MATCH(MAX(C12,INDEX(B1_N,1)),B1_N,1),ROWS(B1_N)-1)+1,MIN(MATCH(Расходы!K6,B1_P,1),COLUMNS(B1_P)-1))+MIN(1,(Расходы!K6-INDEX(B1_P,1,MIN(MATCH(Расходы!K6,B1_P,1),COLUMNS(B1_P)-1)))/(INDEX(B1_P,1,MIN(MATCH(Расходы!K6,B1_P,1),COLUMNS(B1_P)-1)+1)-INDEX(B1_P,1,MIN(MATCH(Расходы!K6,B1_P,1),COLUMNS(B1_P)-1))))*INDEX(B1_G,MIN(MATCH(MAX(C12,INDEX(B1_N,1)),B1_N,1),ROWS(B1_N)-1)+1,MIN(MATCH(Расходы!K6,B1_P,1),COLUMNS(B1_P)-1)+1))),IF((C12*Расходы!K6)<INDEX(B2_NP,1),0.2,IF((C12*Расходы!K6)>=INDEX(B2_NP,ROWS(B2_NP)),INDEX(B2_A,ROWS(B2_NP)),INDEX(B2_A,MATCH((C12*Расходы!K6),B2_NP,1))+((C12*Расходы!K6)-INDEX(B2_NP,MATCH((C12*Расходы!K6),B2_NP,1)))*(INDEX(B2_A,MATCH((C12*Расходы!K6),B2_NP,1)+1)-INDEX(B2_A,MATCH((C12*Расходы!K6),B2_NP,1)))/(INDEX(B2_NP,MATCH((C12*Расходы!K6),B2_NP,1)+1)-INDEX(B2_NP,MATCH((C12*Расходы!K6),B2_NP,1)))))) -> 0.22987626
A14: q = 5·q_0^c·α, л/с | C14: =5*Расходы!G6*C13 -> 0.22987626
A15: DN 15, S = 14,5; h_сч = S·q², м | C15: =14.5*C14^2 -> 0.76622489
A17: Требуемый напор (формула H_тр = H_geom + Σh + H_св + ΣH_сч + h_ввод)
A18: Отметка земли у ГВК (отн. 0,000), м | C18: -0.5
A19: Верх трубы городской сети = земля − (H_пром + 0,5), м | C19: =C18-(Исходные!B9+0.5) -> -2.7
A20: Высота диктующего прибора над полом (душевая сетка), м | C20: 1.95
A21: Отметка диктующего прибора = (n_эт − 1)·h_эт + z_пр, м | C21: =(Исходные!B3-1)*Исходные!B6+C20 -> 33.95
A22: H_geom, м | C22: =C21-C19 -> 36.65
A23: Σh по сети В1, м | C23: =В1!$M$26 -> 9.3150721
A24: H_св (п. 8.21), м | C24: 20
A25: ΣH_сч, м | C25: =C9+C15 -> 4.1036045
A26: h_ввод, м | C26: =В1!$C$38 -> 0.75250506
A27: H_тр, м | C27: =C22+C23+C24+C25+C26 -> 70.821182
A28: H_гар, м | C28: =Исходные!B8 -> 14
A29: Напор насосной установки H_нас = H_тр − H_гар, м | C29: =MAX(0,C27-C28) -> 56.821182
A30: Подача Q = q^tot, м³/ч | C30: =Расходы!N4*3.6 -> 9.3008
A32: Гидростатический напор у нижнего прибора этажа (смеситель ванны, 0,8 м) — п. 8.22: более 45 м → регулятор давления
B33: Этаж | C33: H, м | D33: Регулятор давления
B34: 1 | C34: =$C$28+$C$29-((B34-1)*Исходные!$B$6+0.8-$C$19) -> 67.321182 | D34: =IF(C34>45,"нужен","не нужен") -> нужен
B35: 2 | C35: =$C$28+$C$29-((B35-1)*Исходные!$B$6+0.8-$C$19) -> 64.121182 | D35: =IF(C35>45,"нужен","не нужен") -> нужен
B36: 3 | C36: =$C$28+$C$29-((B36-1)*Исходные!$B$6+0.8-$C$19) -> 60.921182 | D36: =IF(C36>45,"нужен","не нужен") -> нужен
B37: 4 | C37: =$C$28+$C$29-((B37-1)*Исходные!$B$6+0.8-$C$19) -> 57.721182 | D37: =IF(C37>45,"нужен","не нужен") -> нужен
B38: 5 | C38: =$C$28+$C$29-((B38-1)*Исходные!$B$6+0.8-$C$19) -> 54.521182 | D38: =IF(C38>45,"нужен","не нужен") -> нужен
B39: 6 | C39: =$C$28+$C$29-((B39-1)*Исходные!$B$6+0.8-$C$19) -> 51.321182 | D39: =IF(C39>45,"нужен","не нужен") -> нужен
B40: 7 | C40: =$C$28+$C$29-((B40-1)*Исходные!$B$6+0.8-$C$19) -> 48.121182 | D40: =IF(C40>45,"нужен","не нужен") -> нужен
B41: 8 | C41: =$C$28+$C$29-((B41-1)*Исходные!$B$6+0.8-$C$19) -> 44.921182 | D41: =IF(C41>45,"нужен","не нужен") -> не нужен
B42: 9 | C42: =$C$28+$C$29-((B42-1)*Исходные!$B$6+0.8-$C$19) -> 41.721182 | D42: =IF(C42>45,"нужен","не нужен") -> не нужен
B43: 10 | C43: =$C$28+$C$29-((B43-1)*Исходные!$B$6+0.8-$C$19) -> 38.521182 | D43: =IF(C43>45,"нужен","не нужен") -> не нужен
B44: 11 | C44: =$C$28+$C$29-((B44-1)*Исходные!$B$6+0.8-$C$19) -> 35.321182 | D44: =IF(C44>45,"нужен","не нужен") -> не нужен

Sheet К1
A1: Канализация К1: стояки, горизонтальные участки, отметки дворовой сети
A3: Пропускная способность стояков (q^s = q^tot + q_0^s; табл. К.1 — ПВХ Ø110, отводы Ø110 под 45°)
A4: Стояки | B4: N | C4: NP^tot | D4: α | E4: q^tot, л/с | F4: q_0^s, л/с | G4: q^s, л/с | H4: Допустимо, л/с | I4: Вывод
A5: Ст.К1-1, Ст.К1-3 | B5: 44 | C5: =B5*Расходы!$K$4 -> 0.44932099 | D5: =IF(AND(Расходы!$K$4>0.1,B5<=200),((1-MIN(1,(MAX(B5,INDEX(B1_N,1))-INDEX(B1_N,MIN(MATCH(MAX(B5,INDEX(B1_N,1)),B1_N,1),ROWS(B1_N)-1)))/(INDEX(B1_N,MIN(MATCH(MAX(B5,INDEX(B1_N,1)),B1_N,1),ROWS(B1_N)-1)+1)-INDEX(B1_N,MIN(MATCH(MAX(B5,INDEX(B1_N,1)),B1_N,1),ROWS(B1_N)-1)))))*((1-MIN(1,(Расходы!$K$4-INDEX(B1_P,1,MIN(MATCH(Расходы!$K$4,B1_P,1),COLUMNS(B1_P)-1)))/(INDEX(B1_P,1,MIN(MATCH(Расходы!$K$4,B1_P,1),COLUMNS(B1_P)-1)+1)-INDEX(B1_P,1,MIN(MATCH(Расходы!$K$4,B1_P,1),COLUMNS(B1_P)-1)))))*INDEX(B1_G,MIN(MATCH(MAX(B5,INDEX(B1_N,1)),B1_N,1),ROWS(B1_N)-1),MIN(MATCH(Расходы!$K$4,B1_P,1),COLUMNS(B1_P)-1))+MIN(1,(Расходы!$K$4-INDEX(B1_P,1,MIN(MATCH(Расходы!$K$4,B1_P,1),COLUMNS(B1_P)-1)))/(INDEX(B1_P,1,MIN(MATCH(Расходы!$K$4,B1_P,1),COLUMNS(B1_P)-1)+1)-INDEX(B1_P,1,MIN(MATCH(Расходы!$K$4,B1_P,1),COLUMNS(B1_P)-1))))*INDEX(B1_G,MIN(MATCH(MAX(B5,INDEX(B1_N,1)),B1_N,1),ROWS(B1_N)-1),MIN(MATCH(Расходы!$K$4,B1_P,1),COLUMNS(B1_P)-1)+1))+MIN(1,(MAX(B5,INDEX(B1_N,1))-INDEX(B1_N,MIN(MATCH(MAX(B5,INDEX(B1_N,1)),B1_N,1),ROWS(B1_N)-1)))/(INDEX(B1_N,MIN(MATCH(MAX(B5,INDEX(B1_N,1)),B1_N,1),ROWS(B1_N)-1)+1)-INDEX(B1_N,MIN(MATCH(MAX(B5,INDEX(B1_N,1)),B1_N,1),ROWS(B1_N)-1))))*((1-MIN(1,(Расходы!$K$4-INDEX(B1_P,1,MIN(MATCH(Расходы!$K$4,B1_P,1),COLUMNS(B1_P)-1)))/(INDEX(B1_P,1,MIN(MATCH(Расходы!$K$4,B1_P,1),COLUMNS(B1_P)-1)+1)-INDEX(B1_P,1,MIN(MATCH(Расходы!$K$4,B1_P,1),COLUMNS(B1_P)-1)))))*INDEX(B1_G,MIN(MATCH(MAX(B5,INDEX(B1_N,1)),B1_N,1),ROWS(B1_N)-1)+1,MIN(MATCH(Расходы!$K$4,B1_P,1),COLUMNS(B1_P)-1))+MIN(1,(Расходы!$K$4-INDEX(B1_P,1,MIN(MATCH(Расходы!$K$4,B1_P,1),COLUMNS(B1_P)-1)))/(INDEX(B1_P,1,MIN(MATCH(Расходы!$K$4,B1_P,1),COLUMNS(B1_P)-1)+1)-INDEX(B1_P,1,MIN(MATCH(Расходы!$K$4,B1_P,1),COLUMNS(B1_P)-1))))*INDEX(B1_G,MIN(MATCH(MAX(B5,INDEX(B1_N,1)),B1_N,1),ROWS(B1_N)-1)+1,MIN(MATCH(Расходы!$K$4,B1_P,1),COLUMNS(B1_P)-1)+1))),IF((B5*Расходы!$K$4)<INDEX(B2_NP,1),0.2,IF((B5*Расходы!$K$4)>=INDEX(B2_NP,ROWS(B2_NP)),INDEX(B2_A,ROWS(B2_NP)),INDEX(B2_A,MATCH((B5*Расходы!$K$4),B2_NP,1))+((B5*Расходы!$K$4)-INDEX(B2_NP,MATCH((B5*Расходы!$K$4),B2_NP,1)))*(INDEX(B2_A,MATCH((B5*Расходы!$K$4),B2_NP,1)+1)-INDEX(B2_A,MATCH((B5*Расходы!$K$4),B2_NP,1)))/(INDEX(B2_NP,MATCH((B5*Расходы!$K$4),B2_NP,1)+1)-INDEX(B2_NP,MATCH((B5*Расходы!$K$4),B2_NP,1)))))) -> 0.64452469 | E5: =5*Расходы!$G$4*D5 -> 0.96678704 | F5: 1.6 | G5: =E5+F5 -> 2.566787 | H5: 5.85 | I5: =IF(G5<=H5,"обеспечена","НЕ обеспечена") -> обеспечена
A6: Ст.К1-2, Ст.К1-4 | B6: 88 | C6: =B6*Расходы!$K$4 -> 0.89864198 | D6: =IF(AND(Расходы!$K$4>0.1,B6<=200),((1-MIN(1,(MAX(B6,INDEX(B1_N,1))-INDEX(B1_N,MIN(MATCH(MAX(B6,INDEX(B1_N,1)),B1_N,1),ROWS(B1_N)-1)))/(INDEX(B1_N,MIN(MATCH(MAX(B6,INDEX(B1_N,1)),B1_N,1),ROWS(B1_N)-1)+1)-INDEX(B1_N,MIN(MATCH(MAX(B6,INDEX(B1_N,1)),B1_N,1),ROWS(B1_N)-1)))))*((1-MIN(1,(Расходы!$K$4-INDEX(B1_P,1,MIN(MATCH(Расходы!$K$4,B1_P,1),COLUMNS(B1_P)-1)))/(INDEX(B1_P,1,MIN(MATCH(Расходы!$K$4,B1_P,1),COLUMNS(B1_P)-1)+1)-INDEX(B1_P,1,MIN(MATCH(Расходы!$K$4,B1_P,1),COLUMNS(B1_P)-1)))))*INDEX(B1_G,MIN(MATCH(MAX(B6,INDEX(B1_N,1)),B1_N,1),ROWS(B1_N)-1),MIN(MATCH(Расходы!$K$4,B1_P,1),COLUMNS(B1_P)-1))+MIN(1,(Расходы!$K$4-INDEX(B1_P,1,MIN(MATCH(Расходы!$K$4,B1_P,1),COLUMNS(B1_P)-1)))/(INDEX(B1_P,1,MIN(MATCH(Расходы!$K$4,B1_P,1),COLUMNS(B1_P)-1)+1)-INDEX(B1_P,1,MIN(MATCH(Расходы!$K$4,B1_P,1),COLUMNS(B1_P)-1))))*INDEX(B1_G,MIN(MATCH(MAX(B6,INDEX(B1_N,1)),B1_N,1),ROWS(B1_N)-1),MIN(MATCH(Расходы!$K$4,B1_P,1),COLUMNS(B1_P)-1)+1))+MIN(1,(MAX(B6,INDEX(B1_N,1))-INDEX(B1_N,MIN(MATCH(MAX(B6,INDEX(B1_N,1)),B1_N,1),ROWS(B1_N)-1)))/(INDEX(B1_N,MIN(MATCH(MAX(B6,INDEX(B1_N,1)),B1_N,1),ROWS(B1_N)-1)+1)-INDEX(B1_N,MIN(MATCH(MAX(B6,INDEX(B1_N,1)),B1_N,1),ROWS(B1_N)-1))))*((1-MIN(1,(Расходы!$K$4-INDEX(B1_P,1,MIN(MATCH(Расходы!$K$4,B1_P,1),COLUMNS(B1_P)-1)))/(INDEX(B1_P,1,MIN(MATCH(Расходы!$K$4,B1_P,1),COLUMNS(B1_P)-1)+1)-INDEX(B1_P,1,MIN(MATCH(Расходы!$K$4,B1_P,1),COLUMNS(B1_P)-1)))))*INDEX(B1_G,MIN(MATCH(MAX(B6,INDEX(B1_N,1)),B1_N,1),ROWS(B1_N)-1)+1,MIN(MATCH(Расходы!$K$4,B1_P,1),COLUMNS(B1_P)-1))+MIN(1,(Расходы!$K$4-INDEX(B1_P,1,MIN(MATCH(Расходы!$K$4,B1_P,1),COLUMNS(B1_P)-1)))/(INDEX(B1_P,1,MIN(MATCH(Расходы!$K$4,B1_P,1),COLUMNS(B1_P)-1)+1)-INDEX(B1_P,1,MIN(MATCH(Расходы!$K$4,B1_P,1),COLUMNS(B1_P)-1))))*INDEX(B1_G,MIN(MATCH(MAX(B6,INDEX(B1_N,1)),B1_N,1),ROWS(B1_N)-1)+1,MIN(MATCH(Расходы!$K$4,B1_P,1),COLUMNS(B1_P)-1)+1))),IF((B6*Расходы!$K$4)<INDEX(B2_NP,1),0.2,IF((B6*Расходы!$K$4)>=INDEX(B2_NP,ROWS(B2_NP)),INDEX(B2_A,ROWS(B2_NP)),INDEX(B2_A,MATCH((B6*Расходы!$K$4),B2_NP,1))+((B6*Расходы!$K$4)-INDEX(B2_NP,MATCH((B6*Расходы!$K$4),B2_NP,1)))*(INDEX(B2_A,MATCH((B6*Расходы!$K$4),B2_NP,1)+1)-INDEX(B2_A,MATCH((B6*Расходы!$K$4),B2_NP,1)))/(INDEX(B2_NP,MATCH((B6*Расходы!$K$4),B2_NP,1)+1)-INDEX(B2_NP,MATCH((B6*Расходы!$K$4),B2_NP,1)))))) -> 0.91525309 | E6: =5*Расходы!$G$4*D6 -> 1.3728796 | F6: 1.6 | G6: =E6+F6 -> 2.9728796 | H6: 5.85 | I6: =IF(G6<=H6,"обеспечена","НЕ обеспечена") -> обеспечена
A8: Горизонтальные участки: q^sL = q_hr^tot/3,6 + K_s·q_0^s1 (п. 5.7); подбор по формуле Павловского (как таблицы Лукиных), n = 0,014
A9: P_hr^tot | B9: =Расходы!O4 -> 0.036762626 | C9: q_0,hr^tot | D9: =Расходы!H4 -> 300 | E9: q_0^s1, л/с | F9: 1.1 | G9: n | H9: 0.014
A11: Участок | B11: L, м | C11: N | D11: NP_hr | E11: α_hr | F11: q_hr, м³/ч | G11: K_s | H11: q^sL, л/с | I11: d, мм | J11: i | K11: K | L11: h/d | M11: V, м/с | N11: V√(h/d) | O11: Условие (2.3) | P11: Лоток: начало | Q11: Лоток: конец
A12: Ст.К1-4 – Ст.К1-3 (чугун SML) | B12: 15.3 | C12: 88 | D12: =C12*$B$9 -> 3.2351111 | E12: =IF(AND($B$9>0.1,C12<=200),((1-MIN(1,(MAX(C12,INDEX(B1_N,1))-INDEX(B1_N,MIN(MATCH(MAX(C12,INDEX(B1_N,1)),B1_N,1),ROWS(B1_N)-1)))/(INDEX(B1_N,MIN(MATCH(MAX(C12,INDEX(B1_N,1)),B1_N,1),ROWS(B1_N)-1)+1)-INDEX(B1_N,MIN(MATCH(MAX(C12,INDEX(B1_N,1)),B1_N,1),ROWS(B1_N)-1)))))*((1-MIN(1,($B$9-INDEX(B1_P,1,MIN(MATCH($B$9,B1_P,1),COLUMNS(B1_P)-1)))/(INDEX(B1_P,1,MIN(MATCH($B$9,B1_P,1),COLUMNS(B1_P)-1)+1)-INDEX(B1_P,1,MIN(MATCH($B$9,B1_P,1),COLUMNS(B1_P)-1)))))*INDEX(B1_G,MIN(MATCH(MAX(C12,INDEX(B1_N,1)),B1_N,1),ROWS(B1_N)-1),MIN(MATCH($B$9,B1_P,1),COLUMNS(B1_P)-1))+MIN(1,($B$9-INDEX(B1_P,1,MIN(MATCH($B$9,B1_P,1),COLUMNS(B1_P)-1)))/(INDEX(B1_P,1,MIN(MATCH($B$9,B1_P,1),COLUMNS(B1_P)-1)+1)-INDEX(B1_P,1,MIN(MATCH($B$9,B1_P,1),COLUMNS(B1_P)-1))))*INDEX(B1_G,MIN(MATCH(MAX(C12,INDEX(B1_N,1)),B1_N,1),ROWS(B1_N)-1),MIN(MATCH($B$9,B1_P,1),COLUMNS(B1_P)-1)+1))+MIN(1,(MAX(C12,INDEX(B1_N,1))-INDEX(B1_N,MIN(MATCH(MAX(C12,INDEX(B1_N,1)),B1_N,1),ROWS(B1_N)-1)))/(INDEX(B1_N,MIN(MATCH(MAX(C12,INDEX(B1_N,1)),B1_N,1),ROWS(B1_N)-1)+1)-INDEX(B1_N,MIN(MATCH(MAX(C12,INDEX(B1_N,1)),B1_N,1),ROWS(B1_N)-1))))*((1-MIN(1,($B$9-INDEX(B1_P,1,MIN(MATCH($B$9,B1_P,1),COLUMNS(B1_P)-1)))/(INDEX(B1_P,1,MIN(MATCH($B$9,B1_P,1),COLUMNS(B1_P)-1)+1)-INDEX(B1_P,1,MIN(MATCH($B$9,B1_P,1),COLUMNS(B1_P)-1)))))*INDEX(B1_G,MIN(MATCH(MAX(C12,INDEX(B1_N,1)),B1_N,1),ROWS(B1_N)-1)+1,MIN(MATCH($B$9,B1_P,1),COLUMNS(B1_P)-1))+MIN(1,($B$9-INDEX(B1_P,1,MIN(MATCH($B$9,B1_P,1),COLUMNS(B1_P)-1)))/(INDEX(B1_P,1,MIN(MATCH($B$9,B1_P,1),COLUMNS(B1_P)-1)+1)-INDEX(B1_P,1,MIN(MATCH($B$9,B1_P,1),COLUMNS(B1_P)-1))))*INDEX(B1_G,MIN(MATCH(MAX(C12,INDEX(B1_N,1)),B1_N,1),ROWS(B1_N)-1)+1,MIN(MATCH($B$9,B1_P,1),COLUMNS(B1_P)-1)+1))),IF((C12*$B$9)<INDEX(B2_NP,1),0.2,IF((C12*$B$9)>=INDEX(B2_NP,ROWS(B2_NP)),INDEX(B2_A,ROWS(B2_NP)),INDEX(B2_A,MATCH((C12*$B$9),B2_NP,1))+((C12*$B$9)-INDEX(B2_NP,MATCH((C12*$B$9),B2_NP,1)))*(INDEX(B2_A,MATCH((C12*$B$9),B2_NP,1)+1)-INDEX(B2_A,MATCH((C12*$B$9),B2_NP,1)))/(INDEX(B2_NP,MATCH((C12*$B$9),B2_NP,1)+1)-INDEX(B2_NP,MATCH((C12*$B$9),B2_NP,1)))))) -> 1.9299911 | F12: =0.005*E12*$D$9 -> 2.8949867 | G12: =(1-MIN(1,(MAX(C12,INDEX(T51_N,1))-INDEX(T51_N,MIN(MATCH(MAX(C12,INDEX(T51_N,1)),T51_N,1),ROWS(T51_N)-1)))/(INDEX(T51_N,MIN(MATCH(MAX(C12,INDEX(T51_N,1)),T51_N,1),ROWS(T51_N)-1)+1)-INDEX(T51_N,MIN(MATCH(MAX(C12,INDEX(T51_N,1)),T51_N,1),ROWS(T51_N)-1)))))*((1-MIN(1,(MAX(B12,INDEX(T51_L,1,1))-INDEX(T51_L,1,MIN(MATCH(MAX(B12,INDEX(T51_L,1,1)),T51_L,1),COLUMNS(T51_L)-1)))/(INDEX(T51_L,1,MIN(MATCH(MAX(B12,INDEX(T51_L,1,1)),T51_L,1),COLUMNS(T51_L)-1)+1)-INDEX(T51_L,1,MIN(MATCH(MAX(B12,INDEX(T51_L,1,1)),T51_L,1),COLUMNS(T51_L)-1)))))*INDEX(T51_G,MIN(MATCH(MAX(C12,INDEX(T51_N,1)),T51_N,1),ROWS(T51_N)-1),MIN(MATCH(MAX(B12,INDEX(T51_L,1,1)),T51_L,1),COLUMNS(T51_L)-1))+MIN(1,(MAX(B12,INDEX(T51_L,1,1))-INDEX(T51_L,1,MIN(MATCH(MAX(B12,INDEX(T51_L,1,1)),T51_L,1),COLUMNS(T51_L)-1)))/(INDEX(T51_L,1,MIN(MATCH(MAX(B12,INDEX(T51_L,1,1)),T51_L,1),COLUMNS(T51_L)-1)+1)-INDEX(T51_L,1,MIN(MATCH(MAX(B12,INDEX(T51_L,1,1)),T51_L,1),COLUMNS(T51_L)-1))))*INDEX(T51_G,MIN(MATCH(MAX(C12,INDEX(T51_N,1)),T51_N,1),ROWS(T51_N)-1),MIN(MATCH(MAX(B12,INDEX(T51_L,1,1)),T51_L,1),COLUMNS(T51_L)-1)+1))+MIN(1,(MAX(C12,INDEX(T51_N,1))-INDEX(T51_N,MIN(MATCH(MAX(C12,INDEX(T51_N,1)),T51_N,1),ROWS(T51_N)-1)))/(INDEX(T51_N,MIN(MATCH(MAX(C12,INDEX(T51_N,1)),T51_N,1),ROWS(T51_N)-1)+1)-INDEX(T51_N,MIN(MATCH(MAX(C12,INDEX(T51_N,1)),T51_N,1),ROWS(T51_N)-1))))*((1-MIN(1,(MAX(B12,INDEX(T51_L,1,1))-INDEX(T51_L,1,MIN(MATCH(MAX(B12,INDEX(T51_L,1,1)),T51_L,1),COLUMNS(T51_L)-1)))/(INDEX(T51_L,1,MIN(MATCH(MAX(B12,INDEX(T51_L,1,1)),T51_L,1),COLUMNS(T51_L)-1)+1)-INDEX(T51_L,1,MIN(MATCH(MAX(B12,INDEX(T51_L,1,1)),T51_L,1),COLUMNS(T51_L)-1)))))*INDEX(T51_G,MIN(MATCH(MAX(C12,INDEX(T51_N,1)),T51_N,1),ROWS(T51_N)-1)+1,MIN(MATCH(MAX(B12,INDEX(T51_L,1,1)),T51_L,1),COLUMNS(T51_L)-1))+MIN(1,(MAX(B12,INDEX(T51_L,1,1))-INDEX(T51_L,1,MIN(MATCH(MAX(B12,INDEX(T51_L,1,1)),T51_L,1),COLUMNS(T51_L)-1)))/(INDEX(T51_L,1,MIN(MATCH(MAX(B12,INDEX(T51_L,1,1)),T51_L,1),COLUMNS(T51_L)-1)+1)-INDEX(T51_L,1,MIN(MATCH(MAX(B12,INDEX(T51_L,1,1)),T51_L,1),COLUMNS(T51_L)-1))))*INDEX(T51_G,MIN(MATCH(MAX(C12,INDEX(T51_N,1)),T51_N,1),ROWS(T51_N)-1)+1,MIN(MATCH(MAX(B12,INDEX(T51_L,1,1)),T51_L,1),COLUMNS(T51_L)-1)+1)) -> 0.5022 | H12: =F12/3.6+G12*$F$9 -> 1.356583 | I12: 100 | J12: 0.02 | K12: 0.6 | L12: =IFERROR(INDEX(Павловский!$A$6:$A$91,MATCH(H12,Павловский!B$6:B$91,1))+(H12-INDEX(Павловский!B$6:B$91,MATCH(H12,Павловский!B$6:B$91,1)))*0.01/(INDEX(Павловский!B$6:B$91,MATCH(H12,Павловский!B$6:B$91,1)+1)-INDEX(Павловский!B$6:B$91,MATCH(H12,Павловский!B$6:B$91,1))),"вне таблицы") -> 0.30156714 | M12: =(((I12/1000)^2/8*((2*ACOS(1-2*L12))-SIN((2*ACOS(1-2*L12)))))/((I12/1000)*(2*ACOS(1-2*L12))/2))^(2.5*SQRT($H$9)-0.13-0.75*SQRT((((I12/1000)^2/8*((2*ACOS(1-2*L12))-SIN((2*ACOS(1-2*L12)))))/((I12/1000)*(2*ACOS(1-2*L12))/2)))*(SQRT($H$9)-0.1))/$H$9*SQRT((((I12/1000)^2/8*((2*ACOS(1-2*L12))-SIN((2*ACOS(1-2*L12)))))/((I12/1000)*(2*ACOS(1-2*L12))/2))*J12) -> 0.67955694 | N12: =M12*SQRT(L12) -> 0.37317957 | O12: =IF(AND(N12>=K12,M12>=0.7,L12>=0.3),"выполнено","безрасчётный, i ≥ 1/d") -> безрасчётный, i ≥ 1/d | P12: =Q12+J12*B12 -> 99.443 | Q12: =P13 -> 99.137
A13: Ст.К1-3 – КК-1, выпуск К1-2 (чугун SML) | B13: 11.85 | C13: 132 | D13: =C13*$B$9 -> 4.8526667 | E13: =IF(AND($B$9>0.1,C13<=200),((1-MIN(1,(MAX(C13,INDEX(B1_N,1))-INDEX(B1_N,MIN(MATCH(MAX(C13,INDEX(B1_N,1)),B1_N,1),ROWS(B1_N)-1)))/(INDEX(B1_N,MIN(MATCH(MAX(C13,INDEX(B1_N,1)),B1_N,1),ROWS(B1_N)-1)+1)-INDEX(B1_N,MIN(MATCH(MAX(C13,INDEX(B1_N,1)),B1_N,1),ROWS(B1_N)-1)))))*((1-MIN(1,($B$9-INDEX(B1_P,1,MIN(MATCH($B$9,B1_P,1),COLUMNS(B1_P)-1)))/(INDEX(B1_P,1,MIN(MATCH($B$9,B1_P,1),COLUMNS(B1_P)-1)+1)-INDEX(B1_P,1,MIN(MATCH($B$9,B1_P,1),COLUMNS(B1_P)-1)))))*INDEX(B1_G,MIN(MATCH(MAX(C13,INDEX(B1_N,1)),B1_N,1),ROWS(B1_N)-1),MIN(MATCH($B$9,B1_P,1),COLUMNS(B1_P)-1))+MIN(1,($B$9-INDEX(B1_P,1,MIN(MATCH($B$9,B1_P,1),COLUMNS(B1_P)-1)))/(INDEX(B1_P,1,MIN(MATCH($B$9,B1_P,1),COLUMNS(B1_P)-1)+1)-INDEX(B1_P,1,MIN(MATCH($B$9,B1_P,1),COLUMNS(B1_P)-1))))*INDEX(B1_G,MIN(MATCH(MAX(C13,INDEX(B1_N,1)),B1_N,1),ROWS(B1_N)-1),MIN(MATCH($B$9,B1_P,1),COLUMNS(B1_P)-1)+1))+MIN(1,(MAX(C13,INDEX(B1_N,1))-INDEX(B1_N,MIN(MATCH(MAX(C13,INDEX(B1_N,1)),B1_N,1),ROWS(B1_N)-1)))/(INDEX(B1_N,MIN(MATCH(MAX(C13,INDEX(B1_N,1)),B1_N,1),ROWS(B1_N)-1)+1)-INDEX(B1_N,MIN(MATCH(MAX(C13,INDEX(B1_N,1)),B1_N,1),ROWS(B1_N)-1))))*((1-MIN(1,($B$9-INDEX(B1_P,1,MIN(MATCH($B$9,B1_P,1),COLUMNS(B1_P)-1)))/(INDEX(B1_P,1,MIN(MATCH($B$9,B1_P,1),COLUMNS(B1_P)-1)+1)-INDEX(B1_P,1,MIN(MATCH($B$9,B1_P,1),COLUMNS(B1_P)-1)))))*INDEX(B1_G,MIN(MATCH(MAX(C13,INDEX(B1_N,1)),B1_N,1),ROWS(B1_N)-1)+1,MIN(MATCH($B$9,B1_P,1),COLUMNS(B1_P)-1))+MIN(1,($B$9-INDEX(B1_P,1,MIN(MATCH($B$9,B1_P,1),COLUMNS(B1_P)-1)))/(INDEX(B1_P,1,MIN(MATCH($B$9,B1_P,1),COLUMNS(B1_P)-1)+1)-INDEX(B1_P,1,MIN(MATCH($B$9,B1_P,1),COLUMNS(B1_P)-1))))*INDEX(B1_G,MIN(MATCH(MAX(C13,INDEX(B1_N,1)),B1_N,1),ROWS(B1_N)-1)+1,MIN(MATCH($B$9,B1_P,1),COLUMNS(B1_P)-1)+1))),IF((C13*$B$9)<INDEX(B2_NP,1),0.2,IF((C13*$B$9)>=INDEX(B2_NP,ROWS(B2_NP)),INDEX(B2_A,ROWS(B2_NP)),INDEX(B2_A,MATCH((C13*$B$9),B2_NP,1))+((C13*$B$9)-INDEX(B2_NP,MATCH((C13*$B$9),B2_NP,1)))*(INDEX(B2_A,MATCH((C13*$B$9),B2_NP,1)+1)-INDEX(B2_A,MATCH((C13*$B$9),B2_NP,1)))/(INDEX(B2_NP,MATCH((C13*$B$9),B2_NP,1)+1)-INDEX(B2_NP,MATCH((C13*$B$9),B2_NP,1)))))) -> 2.5079067 | F13: =0.005*E13*$D$9 -> 3.76186 | G13: =(1-MIN(1,(MAX(C13,INDEX(T51_N,1))-INDEX(T51_N,MIN(MATCH(MAX(C13,INDEX(T51_N,1)),T51_N,1),ROWS(T51_N)-1)))/(INDEX(T51_N,MIN(MATCH(MAX(C13,INDEX(T51_N,1)),T51_N,1),ROWS(T51_N)-1)+1)-INDEX(T51_N,MIN(MATCH(MAX(C13,INDEX(T51_N,1)),T51_N,1),ROWS(T51_N)-1)))))*((1-MIN(1,(MAX(B13,INDEX(T51_L,1,1))-INDEX(T51_L,1,MIN(MATCH(MAX(B13,INDEX(T51_L,1,1)),T51_L,1),COLUMNS(T51_L)-1)))/(INDEX(T51_L,1,MIN(MATCH(MAX(B13,INDEX(T51_L,1,1)),T51_L,1),COLUMNS(T51_L)-1)+1)-INDEX(T51_L,1,MIN(MATCH(MAX(B13,INDEX(T51_L,1,1)),T51_L,1),COLUMNS(T51_L)-1)))))*INDEX(T51_G,MIN(MATCH(MAX(C13,INDEX(T51_N,1)),T51_N,1),ROWS(T51_N)-1),MIN(MATCH(MAX(B13,INDEX(T51_L,1,1)),T51_L,1),COLUMNS(T51_L)-1))+MIN(1,(MAX(B13,INDEX(T51_L,1,1))-INDEX(T51_L,1,MIN(MATCH(MAX(B13,INDEX(T51_L,1,1)),T51_L,1),COLUMNS(T51_L)-1)))/(INDEX(T51_L,1,MIN(MATCH(MAX(B13,INDEX(T51_L,1,1)),T51_L,1),COLUMNS(T51_L)-1)+1)-INDEX(T51_L,1,MIN(MATCH(MAX(B13,INDEX(T51_L,1,1)),T51_L,1),COLUMNS(T51_L)-1))))*INDEX(T51_G,MIN(MATCH(MAX(C13,INDEX(T51_N,1)),T51_N,1),ROWS(T51_N)-1),MIN(MATCH(MAX(B13,INDEX(T51_L,1,1)),T51_L,1),COLUMNS(T51_L)-1)+1))+MIN(1,(MAX(C13,INDEX(T51_N,1))-INDEX(T51_N,MIN(MATCH(MAX(C13,INDEX(T51_N,1)),T51_N,1),ROWS(T51_N)-1)))/(INDEX(T51_N,MIN(MATCH(MAX(C13,INDEX(T51_N,1)),T51_N,1),ROWS(T51_N)-1)+1)-INDEX(T51_N,MIN(MATCH(MAX(C13,INDEX(T51_N,1)),T51_N,1),ROWS(T51_N)-1))))*((1-MIN(1,(MAX(B13,INDEX(T51_L,1,1))-INDEX(T51_L,1,MIN(MATCH(MAX(B13,INDEX(T51_L,1,1)),T51_L,1),COLUMNS(T51_L)-1)))/(INDEX(T51_L,1,MIN(MATCH(MAX(B13,INDEX(T51_L,1,1)),T51_L,1),COLUMNS(T51_L)-1)+1)-INDEX(T51_L,1,MIN(MATCH(MAX(B13,INDEX(T51_L,1,1)),T51_L,1),COLUMNS(T51_L)-1)))))*INDEX(T51_G,MIN(MATCH(MAX(C13,INDEX(T51_N,1)),T51_N,1),ROWS(T51_N)-1)+1,MIN(MATCH(MAX(B13,INDEX(T51_L,1,1)),T51_L,1),COLUMNS(T51_L)-1))+MIN(1,(MAX(B13,INDEX(T51_L,1,1))-INDEX(T51_L,1,MIN(MATCH(MAX(B13,INDEX(T51_L,1,1)),T51_L,1),COLUMNS(T51_L)-1)))/(INDEX(T51_L,1,MIN(MATCH(MAX(B13,INDEX(T51_L,1,1)),T51_L,1),COLUMNS(T51_L)-1)+1)-INDEX(T51_L,1,MIN(MATCH(MAX(B13,INDEX(T51_L,1,1)),T51_L,1),COLUMNS(T51_L)-1))))*INDEX(T51_G,MIN(MATCH(MAX(C13,INDEX(T51_N,1)),T51_N,1),ROWS(T51_N)-1)+1,MIN(MATCH(MAX(B13,INDEX(T51_L,1,1)),T51_L,1),COLUMNS(T51_L)-1)+1)) -> 0.569496 | H13: =F13/3.6+G13*$F$9 -> 1.6714067 | I13: 100 | J13: 0.02 | K13: 0.6 | L13: =IFERROR(INDEX(Павловский!$A$6:$A$91,MATCH(H13,Павловский!C$6:C$91,1))+(H13-INDEX(Павловский!C$6:C$91,MATCH(H13,Павловский!C$6:C$91,1)))*0.01/(INDEX(Павловский!C$6:C$91,MATCH(H13,Павловский!C$6:C$91,1)+1)-INDEX(Павловский!C$6:C$91,MATCH(H13,Павловский!C$6:C$91,1))),"вне таблицы") -> 0.33622011 | M13: =(((I13/1000)^2/8*((2*ACOS(1-2*L13))-SIN((2*ACOS(1-2*L13)))))/((I13/1000)*(2*ACOS(1-2*L13))/2))^(2.5*SQRT($H$9)-0.13-0.75*SQRT((((I13/1000)^2/8*((2*ACOS(1-2*L13))-SIN((2*ACOS(1-2*L13)))))/((I13/1000)*(2*ACOS(1-2*L13))/2)))*(SQRT($H$9)-0.1))/$H$9*SQRT((((I13/1000)^2/8*((2*ACOS(1-2*L13))-SIN((2*ACOS(1-2*L13)))))/((I13/1000)*(2*ACOS(1-2*L13))/2))*J13) -> 0.72065147 | N13: =M13*SQRT(L13) -> 0.41786608 | O13: =IF(AND(N13>=K13,M13>=0.7,L13>=0.3),"выполнено","безрасчётный, i ≥ 1/d") -> безрасчётный, i ≥ 1/d | P13: =Q13+J13*B13 -> 99.137 | Q13: =B25 -> 98.9
A14: КК-1 – КК-2 (ПЭ гофр. Ø160) | B14: 22.5 | C14: 132 | D14: =C14*$B$9 -> 4.8526667 | E14: =IF(AND($B$9>0.1,C14<=200),((1-MIN(1,(MAX(C14,INDEX(B1_N,1))-INDEX(B1_N,MIN(MATCH(MAX(C14,INDEX(B1_N,1)),B1_N,1),ROWS(B1_N)-1)))/(INDEX(B1_N,MIN(MATCH(MAX(C14,INDEX(B1_N,1)),B1_N,1),ROWS(B1_N)-1)+1)-INDEX(B1_N,MIN(MATCH(MAX(C14,INDEX(B1_N,1)),B1_N,1),ROWS(B1_N)-1)))))*((1-MIN(1,($B$9-INDEX(B1_P,1,MIN(MATCH($B$9,B1_P,1),COLUMNS(B1_P)-1)))/(INDEX(B1_P,1,MIN(MATCH($B$9,B1_P,1),COLUMNS(B1_P)-1)+1)-INDEX(B1_P,1,MIN(MATCH($B$9,B1_P,1),COLUMNS(B1_P)-1)))))*INDEX(B1_G,MIN(MATCH(MAX(C14,INDEX(B1_N,1)),B1_N,1),ROWS(B1_N)-1),MIN(MATCH($B$9,B1_P,1),COLUMNS(B1_P)-1))+MIN(1,($B$9-INDEX(B1_P,1,MIN(MATCH($B$9,B1_P,1),COLUMNS(B1_P)-1)))/(INDEX(B1_P,1,MIN(MATCH($B$9,B1_P,1),COLUMNS(B1_P)-1)+1)-INDEX(B1_P,1,MIN(MATCH($B$9,B1_P,1),COLUMNS(B1_P)-1))))*INDEX(B1_G,MIN(MATCH(MAX(C14,INDEX(B1_N,1)),B1_N,1),ROWS(B1_N)-1),MIN(MATCH($B$9,B1_P,1),COLUMNS(B1_P)-1)+1))+MIN(1,(MAX(C14,INDEX(B1_N,1))-INDEX(B1_N,MIN(MATCH(MAX(C14,INDEX(B1_N,1)),B1_N,1),ROWS(B1_N)-1)))/(INDEX(B1_N,MIN(MATCH(MAX(C14,INDEX(B1_N,1)),B1_N,1),ROWS(B1_N)-1)+1)-INDEX(B1_N,MIN(MATCH(MAX(C14,INDEX(B1_N,1)),B1_N,1),ROWS(B1_N)-1))))*((1-MIN(1,($B$9-INDEX(B1_P,1,MIN(MATCH($B$9,B1_P,1),COLUMNS(B1_P)-1)))/(INDEX(B1_P,1,MIN(MATCH($B$9,B1_P,1),COLUMNS(B1_P)-1)+1)-INDEX(B1_P,1,MIN(MATCH($B$9,B1_P,1),COLUMNS(B1_P)-1)))))*INDEX(B1_G,MIN(MATCH(MAX(C14,INDEX(B1_N,1)),B1_N,1),ROWS(B1_N)-1)+1,MIN(MATCH($B$9,B1_P,1),COLUMNS(B1_P)-1))+MIN(1,($B$9-INDEX(B1_P,1,MIN(MATCH($B$9,B1_P,1),COLUMNS(B1_P)-1)))/(INDEX(B1_P,1,MIN(MATCH($B$9,B1_P,1),COLUMNS(B1_P)-1)+1)-INDEX(B1_P,1,MIN(MATCH($B$9,B1_P,1),COLUMNS(B1_P)-1))))*INDEX(B1_G,MIN(MATCH(MAX(C14,INDEX(B1_N,1)),B1_N,1),ROWS(B1_N)-1)+1,MIN(MATCH($B$9,B1_P,1),COLUMNS(B1_P)-1)+1))),IF((C14*$B$9)<INDEX(B2_NP,1),0.2,IF((C14*$B$9)>=INDEX(B2_NP,ROWS(B2_NP)),INDEX(B2_A,ROWS(B2_NP)),INDEX(B2_A,MATCH((C14*$B$9),B2_NP,1))+((C14*$B$9)-INDEX(B2_NP,MATCH((C14*$B$9),B2_NP,1)))*(INDEX(B2_A,MATCH((C14*$B$9),B2_NP,1)+1)-INDEX(B2_A,MATCH((C14*$B$9),B2_NP,1)))/(INDEX(B2_NP,MATCH((C14*$B$9),B2_NP,1)+1)-INDEX(B2_NP,MATCH((C14*$B$9),B2_NP,1)))))) -> 2.5079067 | F14: =0.005*E14*$D$9 -> 3.76186 | G14: =(1-MIN(1,(MAX(C14,INDEX(T51_N,1))-INDEX(T51_N,MIN(MATCH(MAX(C14,INDEX(T51_N,1)),T51_N,1),ROWS(T51_N)-1)))/(INDEX(T51_N,MIN(MATCH(MAX(C14,INDEX(T51_N,1)),T51_N,1),ROWS(T51_N)-1)+1)-INDEX(T51_N,MIN(MATCH(MAX(C14,INDEX(T51_N,1)),T51_N,1),ROWS(T51_N)-1)))))*((1-MIN(1,(MAX(B14,INDEX(T51_L,1,1))-INDEX(T51_L,1,MIN(MATCH(MAX(B14,INDEX(T51_L,1,1)),T51_L,1),COLUMNS(T51_L)-1)))/(INDEX(T51_L,1,MIN(MATCH(MAX(B14,INDEX(T51_L,1,1)),T51_L,1),COLUMNS(T51_L)-1)+1)-INDEX(T51_L,1,MIN(MATCH(MAX(B14,INDEX(T51_L,1,1)),T51_L,1),COLUMNS(T51_L)-1)))))*INDEX(T51_G,MIN(MATCH(MAX(C14,INDEX(T51_N,1)),T51_N,1),ROWS(T51_N)-1),MIN(MATCH(MAX(B14,INDEX(T51_L,1,1)),T51_L,1),COLUMNS(T51_L)-1))+MIN(1,(MAX(B14,INDEX(T51_L,1,1))-INDEX(T51_L,1,MIN(MATCH(MAX(B14,INDEX(T51_L,1,1)),T51_L,1),COLUMNS(T51_L)-1)))/(INDEX(T51_L,1,MIN(MATCH(MAX(B14,INDEX(T51_L,1,1)),T51_L,1),COLUMNS(T51_L)-1)+1)-INDEX(T51_L,1,MIN(MATCH(MAX(B14,INDEX(T51_L,1,1)),T51_L,1),COLUMNS(T51_L)-1))))*INDEX(T51_G,MIN(MATCH(MAX(C14,INDEX(T51_N,1)),T51_N,1),ROWS(T51_N)-1),MIN(MATCH(MAX(B14,INDEX(T51_L,1,1)),T51_L,1),COLUMNS(T51_L)-1)+1))+MIN(1,(MAX(C14,INDEX(T51_N,1))-INDEX(T51_N,MIN(MATCH(MAX(C14,INDEX(T51_N,1)),T51_N,1),ROWS(T51_N)-1)))/(INDEX(T51_N,MIN(MATCH(MAX(C14,INDEX(T51_N,1)),T51_N,1),ROWS(T51_N)-1)+1)-INDEX(T51_N,MIN(MATCH(MAX(C14,INDEX(T51_N,1)),T51_N,1),ROWS(T51_N)-1))))*((1-MIN(1,(MAX(B14,INDEX(T51_L,1,1))-INDEX(T51_L,1,MIN(MATCH(MAX(B14,INDEX(T51_L,1,1)),T51_L,1),COLUMNS(T51_L)-1)))/(INDEX(T51_L,1,MIN(MATCH(MAX(B14,INDEX(T51_L,1,1)),T51_L,1),COLUMNS(T51_L)-1)+1)-INDEX(T51_L,1,MIN(MATCH(MAX(B14,INDEX(T51_L,1,1)),T51_L,1),COLUMNS(T51_L)-1)))))*INDEX(T51_G,MIN(MATCH(MAX(C14,INDEX(T51_N,1)),T51_N,1),ROWS(T51_N)-1)+1,MIN(MATCH(MAX(B14,INDEX(T51_L,1,1)),T51_L,1),COLUMNS(T51_L)-1))+MIN(1,(MAX(B14,INDEX(T51_L,1,1))-INDEX(T51_L,1,MIN(MATCH(MAX(B14,INDEX(T51_L,1,1)),T51_L,1),COLUMNS(T51_L)-1)))/(INDEX(T51_L,1,MIN(MATCH(MAX(B14,INDEX(T51_L,1,1)),T51_L,1),COLUMNS(T51_L)-1)+1)-INDEX(T51_L,1,MIN(MATCH(MAX(B14,INDEX(T51_L,1,1)),T51_L,1),COLUMNS(T51_L)-1))))*INDEX(T51_G,MIN(MATCH(MAX(C14,INDEX(T51_N,1)),T51_N,1),ROWS(T51_N)-1)+1,MIN(MATCH(MAX(B14,INDEX(T51_L,1,1)),T51_L,1),COLUMNS(T51_L)-1)+1)) -> 0.5056 | H14: =F14/3.6+G14*$F$9 -> 1.6011211 | I14: 150 | J14: 0.008 | K14: 0.5 | L14: =IFERROR(INDEX(Павловский!$A$6:$A$91,MATCH(H14,Павловский!D$6:D$91,1))+(H14-INDEX(Павловский!D$6:D$91,MATCH(H14,Павловский!D$6:D$91,1)))*0.01/(INDEX(Павловский!D$6:D$91,MATCH(H14,Павловский!D$6:D$91,1)+1)-INDEX(Павловский!D$6:D$91,MATCH(H14,Павловский!D$6:D$91,1))),"вне таблицы") -> 0.23891696 | M14: =(((I14/1000)^2/8*((2*ACOS(1-2*L14))-SIN((2*ACOS(1-2*L14)))))/((I14/1000)*(2*ACOS(1-2*L14))/2))^(2.5*SQRT($H$9)-0.13-0.75*SQRT((((I14/1000)^2/8*((2*ACOS(1-2*L14))-SIN((2*ACOS(1-2*L14)))))/((I14/1000)*(2*ACOS(1-2*L14))/2)))*(SQRT($H$9)-0.1))/$H$9*SQRT((((I14/1000)^2/8*((2*ACOS(1-2*L14))-SIN((2*ACOS(1-2*L14)))))/((I14/1000)*(2*ACOS(1-2*L14))/2))*J14) -> 0.49402896 | N14: =M14*SQRT(L14) -> 0.24147707 | O14: =IF(AND(N14>=K14,M14>=0.7,L14>=0.3),"выполнено","безрасчётный, i ≥ 1/d") -> безрасчётный, i ≥ 1/d | P14: =B26 -> 98.85 | Q14: =P14-J14*B14 -> 98.67
A15: КК-2 – ККК (ПЭ гофр. Ø160) | B15: 9.8 | C15: 264 | D15: =C15*$B$9 -> 9.7053333 | E15: =IF(AND($B$9>0.1,C15<=200),((1-MIN(1,(MAX(C15,INDEX(B1_N,1))-INDEX(B1_N,MIN(MATCH(MAX(C15,INDEX(B1_N,1)),B1_N,1),ROWS(B1_N)-1)))/(INDEX(B1_N,MIN(MATCH(MAX(C15,INDEX(B1_N,1)),B1_N,1),ROWS(B1_N)-1)+1)-INDEX(B1_N,MIN(MATCH(MAX(C15,INDEX(B1_N,1)),B1_N,1),ROWS(B1_N)-1)))))*((1-MIN(1,($B$9-INDEX(B1_P,1,MIN(MATCH($B$9,B1_P,1),COLUMNS(B1_P)-1)))/(INDEX(B1_P,1,MIN(MATCH($B$9,B1_P,1),COLUMNS(B1_P)-1)+1)-INDEX(B1_P,1,MIN(MATCH($B$9,B1_P,1),COLUMNS(B1_P)-1)))))*INDEX(B1_G,MIN(MATCH(MAX(C15,INDEX(B1_N,1)),B1_N,1),ROWS(B1_N)-1),MIN(MATCH($B$9,B1_P,1),COLUMNS(B1_P)-1))+MIN(1,($B$9-INDEX(B1_P,1,MIN(MATCH($B$9,B1_P,1),COLUMNS(B1_P)-1)))/(INDEX(B1_P,1,MIN(MATCH($B$9,B1_P,1),COLUMNS(B1_P)-1)+1)-INDEX(B1_P,1,MIN(MATCH($B$9,B1_P,1),COLUMNS(B1_P)-1))))*INDEX(B1_G,MIN(MATCH(MAX(C15,INDEX(B1_N,1)),B1_N,1),ROWS(B1_N)-1),MIN(MATCH($B$9,B1_P,1),COLUMNS(B1_P)-1)+1))+MIN(1,(MAX(C15,INDEX(B1_N,1))-INDEX(B1_N,MIN(MATCH(MAX(C15,INDEX(B1_N,1)),B1_N,1),ROWS(B1_N)-1)))/(INDEX(B1_N,MIN(MATCH(MAX(C15,INDEX(B1_N,1)),B1_N,1),ROWS(B1_N)-1)+1)-INDEX(B1_N,MIN(MATCH(MAX(C15,INDEX(B1_N,1)),B1_N,1),ROWS(B1_N)-1))))*((1-MIN(1,($B$9-INDEX(B1_P,1,MIN(MATCH($B$9,B1_P,1),COLUMNS(B1_P)-1)))/(INDEX(B1_P,1,MIN(MATCH($B$9,B1_P,1),COLUMNS(B1_P)-1)+1)-INDEX(B1_P,1,MIN(MATCH($B$9,B1_P,1),COLUMNS(B1_P)-1)))))*INDEX(B1_G,MIN(MATCH(MAX(C15,INDEX(B1_N,1)),B1_N,1),ROWS(B1_N)-1)+1,MIN(MATCH($B$9,B1_P,1),COLUMNS(B1_P)-1))+MIN(1,($B$9-INDEX(B1_P,1,MIN(MATCH($B$9,B1_P,1),COLUMNS(B1_P)-1)))/(INDEX(B1_P,1,MIN(MATCH($B$9,B1_P,1),COLUMNS(B1_P)-1)+1)-INDEX(B1_P,1,MIN(MATCH($B$9,B1_P,1),COLUMNS(B1_P)-1))))*INDEX(B1_G,MIN(MATCH(MAX(C15,INDEX(B1_N,1)),B1_N,1),ROWS(B1_N)-1)+1,MIN(MATCH($B$9,B1_P,1),COLUMNS(B1_P)-1)+1))),IF((C15*$B$9)<INDEX(B2_NP,1),0.2,IF((C15*$B$9)>=INDEX(B2_NP,ROWS(B2_NP)),INDEX(B2_A,ROWS(B2_NP)),INDEX(B2_A,MATCH((C15*$B$9),B2_NP,1))+((C15*$B$9)-INDEX(B2_NP,MATCH((C15*$B$9),B2_NP,1)))*(INDEX(B2_A,MATCH((C15*$B$9),B2_NP,1)+1)-INDEX(B2_A,MATCH((C15*$B$9),B2_NP,1)))/(INDEX(B2_NP,MATCH((C15*$B$9),B2_NP,1)+1)-INDEX(B2_NP,MATCH((C15*$B$9),B2_NP,1)))))) -> 4.0386 | F15: =0.005*E15*$D$9 -> 6.0579 | G15: =(1-MIN(1,(MAX(C15,INDEX(T51_N,1))-INDEX(T51_N,MIN(MATCH(MAX(C15,INDEX(T51_N,1)),T51_N,1),ROWS(T51_N)-1)))/(INDEX(T51_N,MIN(MATCH(MAX(C15,INDEX(T51_N,1)),T51_N,1),ROWS(T51_N)-1)+1)-INDEX(T51_N,MIN(MATCH(MAX(C15,INDEX(T51_N,1)),T51_N,1),ROWS(T51_N)-1)))))*((1-MIN(1,(MAX(B15,INDEX(T51_L,1,1))-INDEX(T51_L,1,MIN(MATCH(MAX(B15,INDEX(T51_L,1,1)),T51_L,1),COLUMNS(T51_L)-1)))/(INDEX(T51_L,1,MIN(MATCH(MAX(B15,INDEX(T51_L,1,1)),T51_L,1),COLUMNS(T51_L)-1)+1)-INDEX(T51_L,1,MIN(MATCH(MAX(B15,INDEX(T51_L,1,1)),T51_L,1),COLUMNS(T51_L)-1)))))*INDEX(T51_G,MIN(MATCH(MAX(C15,INDEX(T51_N,1)),T51_N,1),ROWS(T51_N)-1),MIN(MATCH(MAX(B15,INDEX(T51_L,1,1)),T51_L,1),COLUMNS(T51_L)-1))+MIN(1,(MAX(B15,INDEX(T51_L,1,1))-INDEX(T51_L,1,MIN(MATCH(MAX(B15,INDEX(T51_L,1,1)),T51_L,1),COLUMNS(T51_L)-1)))/(INDEX(T51_L,1,MIN(MATCH(MAX(B15,INDEX(T51_L,1,1)),T51_L,1),COLUMNS(T51_L)-1)+1)-INDEX(T51_L,1,MIN(MATCH(MAX(B15,INDEX(T51_L,1,1)),T51_L,1),COLUMNS(T51_L)-1))))*INDEX(T51_G,MIN(MATCH(MAX(C15,INDEX(T51_N,1)),T51_N,1),ROWS(T51_N)-1),MIN(MATCH(MAX(B15,INDEX(T51_L,1,1)),T51_L,1),COLUMNS(T51_L)-1)+1))+MIN(1,(MAX(C15,INDEX(T51_N,1))-INDEX(T51_N,MIN(MATCH(MAX(C15,INDEX(T51_N,1)),T51_N,1),ROWS(T51_N)-1)))/(INDEX(T51_N,MIN(MATCH(MAX(C15,INDEX(T51_N,1)),T51_N,1),ROWS(T51_N)-1)+1)-INDEX(T51_N,MIN(MATCH(MAX(C15,INDEX(T51_N,1)),T51_N,1),ROWS(T51_N)-1))))*((1-MIN(1,(MAX(B15,INDEX(T51_L,1,1))-INDEX(T51_L,1,MIN(MATCH(MAX(B15,INDEX(T51_L,1,1)),T51_L,1),COLUMNS(T51_L)-1)))/(INDEX(T51_L,1,MIN(MATCH(MAX(B15,INDEX(T51_L,1,1)),T51_L,1),COLUMNS(T51_L)-1)+1)-INDEX(T51_L,1,MIN(MATCH(MAX(B15,INDEX(T51_L,1,1)),T51_L,1),COLUMNS(T51_L)-1)))))*INDEX(T51_G,MIN(MATCH(MAX(C15,INDEX(T51_N,1)),T51_N,1),ROWS(T51_N)-1)+1,MIN(MATCH(MAX(B15,INDEX(T51_L,1,1)),T51_L,1),COLUMNS(T51_L)-1))+MIN(1,(MAX(B15,INDEX(T51_L,1,1))-INDEX(T51_L,1,MIN(MATCH(MAX(B15,INDEX(T51_L,1,1)),T51_L,1),COLUMNS(T51_L)-1)))/(INDEX(T51_L,1,MIN(MATCH(MAX(B15,INDEX(T51_L,1,1)),T51_L,1),COLUMNS(T51_L)-1)+1)-INDEX(T51_L,1,MIN(MATCH(MAX(B15,INDEX(T51_L,1,1)),T51_L,1),COLUMNS(T51_L)-1))))*INDEX(T51_G,MIN(MATCH(MAX(C15,INDEX(T51_N,1)),T51_N,1),ROWS(T51_N)-1)+1,MIN(MATCH(MAX(B15,INDEX(T51_L,1,1)),T51_L,1),COLUMNS(T51_L)-1)+1)) -> 0.68512 | H15: =F15/3.6+G15*$F$9 -> 2.436382 | I15: 150 | J15: 0.008 | K15: 0.5 | L15: =IFERROR(INDEX(Павловский!$A$6:$A$91,MATCH(H15,Павловский!E$6:E$91,1))+(H15-INDEX(Павловский!E$6:E$91,MATCH(H15,Павловский!E$6:E$91,1)))*0.01/(INDEX(Павловский!E$6:E$91,MATCH(H15,Павловский!E$6:E$91,1)+1)-INDEX(Павловский!E$6:E$91,MATCH(H15,Павловский!E$6:E$91,1))),"вне таблицы") -> 0.29570326 | M15: =(((I15/1000)^2/8*((2*ACOS(1-2*L15))-SIN((2*ACOS(1-2*L15)))))/((I15/1000)*(2*ACOS(1-2*L15))/2))^(2.5*SQRT($H$9)-0.13-0.75*SQRT((((I15/1000)^2/8*((2*ACOS(1-2*L15))-SIN((2*ACOS(1-2*L15)))))/((I15/1000)*(2*ACOS(1-2*L15))/2)))*(SQRT($H$9)-0.1))/$H$9*SQRT((((I15/1000)^2/8*((2*ACOS(1-2*L15))-SIN((2*ACOS(1-2*L15)))))/((I15/1000)*(2*ACOS(1-2*L15))/2))*J15) -> 0.5573574 | N15: =M15*SQRT(L15) -> 0.30308317 | O15: =IF(AND(N15>=K15,M15>=0.7,L15>=0.3),"выполнено","безрасчётный, i ≥ 1/d") -> безрасчётный, i ≥ 1/d | P15: =Q14 -> 98.67 | Q15: =P15-J15*B15 -> 98.5916
A16: ККК – ГКК (ПЭ гофр. Ø160) | B16: 6.2 | C16: 264 | D16: =C16*$B$9 -> 9.7053333 | E16: =IF(AND($B$9>0.1,C16<=200),((1-MIN(1,(MAX(C16,INDEX(B1_N,1))-INDEX(B1_N,MIN(MATCH(MAX(C16,INDEX(B1_N,1)),B1_N,1),ROWS(B1_N)-1)))/(INDEX(B1_N,MIN(MATCH(MAX(C16,INDEX(B1_N,1)),B1_N,1),ROWS(B1_N)-1)+1)-INDEX(B1_N,MIN(MATCH(MAX(C16,INDEX(B1_N,1)),B1_N,1),ROWS(B1_N)-1)))))*((1-MIN(1,($B$9-INDEX(B1_P,1,MIN(MATCH($B$9,B1_P,1),COLUMNS(B1_P)-1)))/(INDEX(B1_P,1,MIN(MATCH($B$9,B1_P,1),COLUMNS(B1_P)-1)+1)-INDEX(B1_P,1,MIN(MATCH($B$9,B1_P,1),COLUMNS(B1_P)-1)))))*INDEX(B1_G,MIN(MATCH(MAX(C16,INDEX(B1_N,1)),B1_N,1),ROWS(B1_N)-1),MIN(MATCH($B$9,B1_P,1),COLUMNS(B1_P)-1))+MIN(1,($B$9-INDEX(B1_P,1,MIN(MATCH($B$9,B1_P,1),COLUMNS(B1_P)-1)))/(INDEX(B1_P,1,MIN(MATCH($B$9,B1_P,1),COLUMNS(B1_P)-1)+1)-INDEX(B1_P,1,MIN(MATCH($B$9,B1_P,1),COLUMNS(B1_P)-1))))*INDEX(B1_G,MIN(MATCH(MAX(C16,INDEX(B1_N,1)),B1_N,1),ROWS(B1_N)-1),MIN(MATCH($B$9,B1_P,1),COLUMNS(B1_P)-1)+1))+MIN(1,(MAX(C16,INDEX(B1_N,1))-INDEX(B1_N,MIN(MATCH(MAX(C16,INDEX(B1_N,1)),B1_N,1),ROWS(B1_N)-1)))/(INDEX(B1_N,MIN(MATCH(MAX(C16,INDEX(B1_N,1)),B1_N,1),ROWS(B1_N)-1)+1)-INDEX(B1_N,MIN(MATCH(MAX(C16,INDEX(B1_N,1)),B1_N,1),ROWS(B1_N)-1))))*((1-MIN(1,($B$9-INDEX(B1_P,1,MIN(MATCH($B$9,B1_P,1),COLUMNS(B1_P)-1)))/(INDEX(B1_P,1,MIN(MATCH($B$9,B1_P,1),COLUMNS(B1_P)-1)+1)-INDEX(B1_P,1,MIN(MATCH($B$9,B1_P,1),COLUMNS(B1_P)-1)))))*INDEX(B1_G,MIN(MATCH(MAX(C16,INDEX(B1_N,1)),B1_N,1),ROWS(B1_N)-1)+1,MIN(MATCH($B$9,B1_P,1),COLUMNS(B1_P)-1))+MIN(1,($B$9-INDEX(B1_P,1,MIN(MATCH($B$9,B1_P,1),COLUMNS(B1_P)-1)))/(INDEX(B1_P,1,MIN(MATCH($B$9,B1_P,1),COLUMNS(B1_P)-1)+1)-INDEX(B1_P,1,MIN(MATCH($B$9,B1_P,1),COLUMNS(B1_P)-1))))*INDEX(B1_G,MIN(MATCH(MAX(C16,INDEX(B1_N,1)),B1_N,1),ROWS(B1_N)-1)+1,MIN(MATCH($B$9,B1_P,1),COLUMNS(B1_P)-1)+1))),IF((C16*$B$9)<INDEX(B2_NP,1),0.2,IF((C16*$B$9)>=INDEX(B2_NP,ROWS(B2_NP)),INDEX(B2_A,ROWS(B2_NP)),INDEX(B2_A,MATCH((C16*$B$9),B2_NP,1))+((C16*$B$9)-INDEX(B2_NP,MATCH((C16*$B$9),B2_NP,1)))*(INDEX(B2_A,MATCH((C16*$B$9),B2_NP,1)+1)-INDEX(B2_A,MATCH((C16*$B$9),B2_NP,1)))/(INDEX(B2_NP,MATCH((C16*$B$9),B2_NP,1)+1)-INDEX(B2_NP,MATCH((C16*$B$9),B2_NP,1)))))) -> 4.0386 | F16: =0.005*E16*$D$9 -> 6.0579 | G16: =(1-MIN(1,(MAX(C16,INDEX(T51_N,1))-INDEX(T51_N,MIN(MATCH(MAX(C16,INDEX(T51_N,1)),T51_N,1),ROWS(T51_N)-1)))/(INDEX(T51_N,MIN(MATCH(MAX(C16,INDEX(T51_N,1)),T51_N,1),ROWS(T51_N)-1)+1)-INDEX(T51_N,MIN(MATCH(MAX(C16,INDEX(T51_N,1)),T51_N,1),ROWS(T51_N)-1)))))*((1-MIN(1,(MAX(B16,INDEX(T51_L,1,1))-INDEX(T51_L,1,MIN(MATCH(MAX(B16,INDEX(T51_L,1,1)),T51_L,1),COLUMNS(T51_L)-1)))/(INDEX(T51_L,1,MIN(MATCH(MAX(B16,INDEX(T51_L,1,1)),T51_L,1),COLUMNS(T51_L)-1)+1)-INDEX(T51_L,1,MIN(MATCH(MAX(B16,INDEX(T51_L,1,1)),T51_L,1),COLUMNS(T51_L)-1)))))*INDEX(T51_G,MIN(MATCH(MAX(C16,INDEX(T51_N,1)),T51_N,1),ROWS(T51_N)-1),MIN(MATCH(MAX(B16,INDEX(T51_L,1,1)),T51_L,1),COLUMNS(T51_L)-1))+MIN(1,(MAX(B16,INDEX(T51_L,1,1))-INDEX(T51_L,1,MIN(MATCH(MAX(B16,INDEX(T51_L,1,1)),T51_L,1),COLUMNS(T51_L)-1)))/(INDEX(T51_L,1,MIN(MATCH(MAX(B16,INDEX(T51_L,1,1)),T51_L,1),COLUMNS(T51_L)-1)+1)-INDEX(T51_L,1,MIN(MATCH(MAX(B16,INDEX(T51_L,1,1)),T51_L,1),COLUMNS(T51_L)-1))))*INDEX(T51_G,MIN(MATCH(MAX(C16,INDEX(T51_N,1)),T51_N,1),ROWS(T51_N)-1),MIN(MATCH(MAX(B16,INDEX(T51_L,1,1)),T51_L,1),COLUMNS(T51_L)-1)+1))+MIN(1,(MAX(C16,INDEX(T51_N,1))-INDEX(T51_N,MIN(MATCH(MAX(C16,INDEX(T51_N,1)),T51_N,1),ROWS(T51_N)-1)))/(INDEX(T51_N,MIN(MATCH(MAX(C16,INDEX(T51_N,1)),T51_N,1),ROWS(T51_N)-1)+1)-INDEX(T51_N,MIN(MATCH(MAX(C16,INDEX(T51_N,1)),T51_N,1),ROWS(T51_N)-1))))*((1-MIN(1,(MAX(B16,INDEX(T51_L,1,1))-INDEX(T51_L,1,MIN(MATCH(MAX(B16,INDEX(T51_L,1,1)),T51_L,1),COLUMNS(T51_L)-1)))/(INDEX(T51_L,1,MIN(MATCH(MAX(B16,INDEX(T51_L,1,1)),T51_L,1),COLUMNS(T51_L)-1)+1)-INDEX(T51_L,1,MIN(MATCH(MAX(B16,INDEX(T51_L,1,1)),T51_L,1),COLUMNS(T51_L)-1)))))*INDEX(T51_G,MIN(MATCH(MAX(C16,INDEX(T51_N,1)),T51_N,1),ROWS(T51_N)-1)+1,MIN(MATCH(MAX(B16,INDEX(T51_L,1,1)),T51_L,1),COLUMNS(T51_L)-1))+MIN(1,(MAX(B16,INDEX(T51_L,1,1))-INDEX(T51_L,1,MIN(MATCH(MAX(B16,INDEX(T51_L,1,1)),T51_L,1),COLUMNS(T51_L)-1)))/(INDEX(T51_L,1,MIN(MATCH(MAX(B16,INDEX(T51_L,1,1)),T51_L,1),COLUMNS(T51_L)-1)+1)-INDEX(T51_L,1,MIN(MATCH(MAX(B16,INDEX(T51_L,1,1)),T51_L,1),COLUMNS(T51_L)-1))))*INDEX(T51_G,MIN(MATCH(MAX(C16,INDEX(T51_N,1)),T51_N,1),ROWS(T51_N)-1)+1,MIN(MATCH(MAX(B16,INDEX(T51_L,1,1)),T51_L,1),COLUMNS(T51_L)-1)+1)) -> 0.72588 | H16: =F16/3.6+G16*$F$9 -> 2.481218 | I16: 150 | J16: 0.008 | K16: 0.5 | L16: =IFERROR(INDEX(Павловский!$A$6:$A$91,MATCH(H16,Павловский!F$6:F$91,1))+(H16-INDEX(Павловский!F$6:F$91,MATCH(H16,Павловский!F$6:F$91,1)))*0.01/(INDEX(Павловский!F$6:F$91,MATCH(H16,Павловский!F$6:F$91,1)+1)-INDEX(Павловский!F$6:F$91,MATCH(H16,Павловский!F$6:F$91,1))),"вне таблицы") -> 0.2985129 | M16: =(((I16/1000)^2/8*((2*ACOS(1-2*L16))-SIN((2*ACOS(1-2*L16)))))/((I16/1000)*(2*ACOS(1-2*L16))/2))^(2.5*SQRT($H$9)-0.13-0.75*SQRT((((I16/1000)^2/8*((2*ACOS(1-2*L16))-SIN((2*ACOS(1-2*L16)))))/((I16/1000)*(2*ACOS(1-2*L16))/2)))*(SQRT($H$9)-0.1))/$H$9*SQRT((((I16/1000)^2/8*((2*ACOS(1-2*L16))-SIN((2*ACOS(1-2*L16)))))/((I16/1000)*(2*ACOS(1-2*L16))/2))*J16) -> 0.56026791 | N16: =M16*SQRT(L16) -> 0.30610985 | O16: =IF(AND(N16>=K16,M16>=0.7,L16>=0.3),"выполнено","безрасчётный, i ≥ 1/d") -> безрасчётный, i ≥ 1/d | P16: =Q15 -> 98.5916 | Q16: =P16-J16*B16 -> 98.542
A18: Если условие V√(h/d) ≥ K не выполнимо из-за малого расхода и стояки уже объединены в один выпуск, участок безрасчётный: i ≥ 1/d (п. 19.1 СП 30). Принято: внутри здания i = 0,02; дворовая сеть d150 — i = 0,008 (СП 32).
A20: Отметки (абсолютные), м
A21: 0,000 здания | B21: 101
A22: Лоток выпуска у стены (отн.) | B22: -2
A23: Лоток выпуска у стены (абс.) | B23: =B21+B22 -> 99
A24: Длина выпуска от стены до КК-1, м | B24: 5
A25: Лоток Ø100 при входе в КК-1 | B25: =B23-J13*B24 -> 98.9
A26: Лоток Ø150 в КК-1 (шелыга в шелыгу) | B26: =B25+I13/1000-I14/1000 -> 98.85
A28: Колодцы дворовой сети
A29: Колодец | B29: Земля | C29: Лоток | D29: Глубина | E29: H_0 = max(H_пр − 0,3; 0,7 + d) | F29: Проверка
A30: КК-1 | B30: 100.7 | C30: =P14 -> 98.85 | D30: =B30-C30 -> 1.85 | E30: =MAX(Исходные!$B$9-0.3,0.7+$I$14/1000) -> 1.4 | F30: =IF(D30>=E30,"достаточна","мала") -> достаточна
A31: КК-2 | B31: 100.55 | C31: =P15 -> 98.67 | D31: =B31-C31 -> 1.88 | E31: =MAX(Исходные!$B$9-0.3,0.7+$I$14/1000) -> 1.4 | F31: =IF(D31>=E31,"достаточна","мала") -> достаточна
A32: ККК | B32: 100.4 | C32: =P16 -> 98.5916 | D32: =B32-C32 -> 1.8084 | E32: =MAX(Исходные!$B$9-0.3,0.7+$I$14/1000) -> 1.4 | F32: =IF(D32>=E32,"достаточна","мала") -> достаточна
A33: ГКК | B33: 100.3 | C33: =Q16 -> 98.542 | D33: =B33-C33 -> 1.758 | E33: =MAX(Исходные!$B$9-0.3,0.7+$I$14/1000) -> 1.4 | F33: =IF(D33>=E33,"достаточна","мала") -> достаточна
A35: Лоток городского коллектора Ø400 в ГКК (по месту, принят) | B35: 97.8
A36: Превышение лотка дворовой трубы над шелыгой коллектора, м | B36: =C33-(B35+0.4) -> 0.342

Sheet ТаблА2
A1: СП 30.13330.2020, табл. А.2, п. 1 «Жилые дома квартирного типа» (на 1 жителя)
A2: Водопотребители | B2: q_u^tot, л/сут | C2: q_u^h, л/сут | D2: q_hr,u^tot, л/ч | E2: q_hr,u^h, л/ч | F2: q_0^tot, л/с | G2: q_0,hr^tot, л/ч | H2: q_0^c (q_0^h), л/с | I2: q_0,hr^c, л/ч | J2: T, ч
A3: без ванн | B3: 70 | C3: 0 | D3: 5 | E3: 0 | F3: 0.2 | G3: 50 | H3: 0.2 | I3: 50 | J3: 24
A4: ванны, тв. топливо | B4: 110 | C4: 0 | D4: 8.1 | E4: 0 | F4: 0.3 | G4: 300 | H4: 0.3 | I4: 300 | J4: 24
A5: ванны, газ. водонагр. | B5: 120 | C5: 0 | D5: 8.7 | E5: 0 | F5: 0.3 | G5: 300 | H5: 0.3 | I5: 300 | J5: 24
A6: ЦГВ, умыв., мойки, души | B6: 130 | C6: 50 | D6: 8.2 | E6: 4.5 | F6: 0.2 | G6: 100 | H6: 0.14 | I6: 60 | J6: 24
A7: сидячие ванны с душами | B7: 160 | C7: 65 | D7: 10.3 | E7: 5.7 | F7: 0.3 | G7: 300 | H7: 0.2 | I7: 200 | J7: 24
A8: ванны от 1500 мм с душами | B8: 180 | C8: 70 | D8: 11.6 | E8: 6.5 | F8: 0.3 | G8: 300 | H8: 0.2 | I8: 200 | J8: 24

Sheet ТаблБ1
A1: СП 30.13330.2020, табл. Б.1: α при P > 0,1 и N ≤ 200
A2: N \ P
A3: N | B3: 0.1 | C3: 0.125 | D3: 0.16 | E3: 0.2 | F3: 0.25 | G3: 0.316 | H3: 0.4 | I3: 0.5 | J3: 0.63 | K3: 0.8
A4: 2 | B4: 0.39 | C4: 0.39 | D4: 0.4 | E4: 0.4 | F4: 0.4 | G4: 0.4 | H4: 0.4 | I4: 0.4 | J4: 0.4 | K4: 0.4
A5: 4 | B5: 0.58 | C5: 0.62 | D5: 0.65 | E5: 0.69 | F5: 0.72 | G5: 0.76 | H5: 0.78 | I5: 0.8 | J5: 0.8 | K5: 0.8
A6: 6 | B6: 0.72 | C6: 0.78 | D6: 0.83 | E6: 0.9 | F6: 0.97 | G6: 1.04 | H6: 1.11 | I6: 1.16 | J6: 1.2 | K6: 1.2
A7: 8 | B7: 0.84 | C7: 0.91 | D7: 0.99 | E7: 1.08 | F7: 1.18 | G7: 1.29 | H7: 1.39 | I7: 1.5 | J7: 1.58 | K7: 1.59
A8: 10 | B8: 0.95 | C8: 1.04 | D8: 1.14 | E8: 1.25 | F8: 1.38 | G8: 1.52 | H8: 1.66 | I8: 1.81 | J8: 1.94 | K8: 1.97
A9: 12 | B9: 1.05 | C9: 1.15 | D9: 1.28 | E9: 1.41 | F9: 1.57 | G9: 1.74 | H9: 1.92 | I9: 2.11 | J9: 2.29 | K9: 2.36
A10: 14 | B10: 1.14 | C10: 1.27 | D10: 1.41 | E10: 1.57 | F10: 1.75 | G10: 1.95 | H10: 2.17 | I10: 2.4 | J10: 2.63 | K10: 2.75
A11: 16 | B11: 1.25 | C11: 1.37 | D11: 1.53 | E11: 1.71 | F11: 1.92 | G11: 2.15 | H11: 2.41 | I11: 2.69 | J11: 2.96 | K11: 3.14
A12: 18 | B12: 1.32 | C12: 1.47 | D12: 1.65 | E12: 1.85 | F12: 2.09 | G12: 2.35 | H12: 2.55 | I12: 2.97 | J12: 3.24 | K12: 3.53
A13: 20 | B13: 1.41 | C13: 1.57 | D13: 1.77 | E13: 1.99 | F13: 2.25 | G13: 2.55 | H13: 2.88 | I13: 3.24 | J13: 3.6 | K13: 3.92
A14: 22 | B14: 1.49 | C14: 1.67 | D14: 1.88 | E14: 2.13 | F14: 2.41 | G14: 2.74 | H14: 3.11 | I14: 3.51 | J14: 3.94 | K14: 4.33
A15: 24 | B15: 1.57 | C15: 1.77 | D15: 2 | E15: 2.26 | F15: 2.57 | G15: 2.93 | H15: 3.33 | I15: 3.78 | J15: 4.27 | K15: 4.7
... A55: 200 | B55: 6.89 | C55: 8.19 | D55: 9.96 | E55: 11.9 | F55: 14.3 | G55: 17.4 | H55: 21.3 | I55: 25.9 | J55: 31.8 | K55: 39.5

Sheet ТаблБ2
A1: СП 30.13330.2020, табл. Б.2: α при P > 0,1 и любом N, а также при P ≤ 0,1 и N > 200 (при NP < 0,015 α = 0,200)
A2: NP | B2: α
A3: 0.015 | B3: 0.202
A4: 0.016 | B4: 0.205
A5: 0.017 | B5: 0.207
A6: 0.018 | B6: 0.21
A7: 0.019 | B7: 0.212
A8: 0.02 | B8: 0.215
A9: 0.021 | B9: 0.217
A10: 0.022 | B10: 0.219
A11: 0.023 | B11: 0.222
A12: 0.024 | B12: 0.224
A13: 0.025 | B13: 0.226
A14: 0.026 | B14: 0.228
... A583: 2000 | B583: 426.8

Sheet Табл5_1
A1: СП 30.13330.2020, табл. 5.1: коэффициент K_s по числу приборов N и длине участка L, м
A3: N \ L | B3: 1 | C3: 3 | D3: 5 | E3: 7 | F3: 10 | G3: 15 | H3: 20 | I3: 30 | J3: 40 | K3: 50 | L3: 100 | M3: 500 | N3: 1000
A4: 4 | B4: 0.61 | C4: 0.51 | D4: 0.46 | E4: 0.43 | F4: 0.4 | G4: 0.36 | H4: 0.34 | I4: 0.31 | J4: 0.27 | K4: 0.25 | L4: 0.23 | M4: 0.15 | N4: 0.13
A5: 8 | B5: 0.63 | C5: 0.53 | D5: 0.48 | E5: 0.45 | F5: 0.41 | G5: 0.37 | H5: 0.35 | I5: 0.32 | J5: 0.28 | K5: 0.26 | L5: 0.24 | M5: 0.16 | N5: 0.13
A6: 12 | B6: 0.64 | C6: 0.54 | D6: 0.49 | E6: 0.46 | F6: 0.42 | G6: 0.39 | H6: 0.36 | I6: 0.33 | J6: 0.29 | K6: 0.26 | L6: 0.24 | M6: 0.16 | N6: 0.14
A7: 16 | B7: 0.65 | C7: 0.55 | D7: 0.5 | E7: 0.47 | F7: 0.43 | G7: 0.39 | H7: 0.37 | I7: 0.33 | J7: 0.3 | K7: 0.27 | L7: 0.25 | M7: 0.17 | N7: 0.14
A8: 20 | B8: 0.66 | C8: 0.56 | D8: 0.51 | E8: 0.48 | F8: 0.44 | G8: 0.4 | H8: 0.38 | I8: 0.34 | J8: 0.3 | K8: 0.28 | L8: 0.25 | M8: 0.17 | N8: 0.14
A9: 24 | B9: 0.67 | C9: 0.57 | D9: 0.52 | E9: 0.48 | F9: 0.45 | G9: 0.41 | H9: 0.38 | I9: 0.35 | J9: 0.31 | K9: 0.28 | L9: 0.26 | M9: 0.17 | N9: 0.15
A10: 28 | B10: 0.68 | C10: 0.58 | D10: 0.53 | E10: 0.49 | F10: 0.46 | G10: 0.42 | H10: 0.39 | I10: 0.36 | J10: 0.31 | K10: 0.29 | L10: 0.27 | M10: 0.18 | N10: 0.15
A11: 32 | B11: 0.68 | C11: 0.59 | D11: 0.53 | E11: 0.5 | F11: 0.47 | G11: 0.43 | H11: 0.4 | I11: 0.36 | J11: 0.32 | K11: 0.3 | L11: 0.27 | M11: 0.18 | N11: 0.15
A12: 36 | B12: 0.69 | C12: 0.59 | D12: 0.54 | E12: 0.51 | F12: 0.47 | G12: 0.43 | H12: 0.4 | I12: 0.37 | J12: 0.33 | K12: 0.3 | L12: 0.28 | M12: 0.19 | N12: 0.16
A13: 40 | B13: 0.7 | C13: 0.6 | D13: 0.55 | E13: 0.52 | F13: 0.48 | G13: 0.44 | H13: 0.41 | I13: 0.37 | J13: 0.33 | K13: 0.31 | L13: 0.28 | M13: 0.19 | N13: 0.16
A14: 100 | B14: 0.77 | C14: 0.69 | D14: 0.64 | E14: 0.6 | F14: 0.56 | G14: 0.52 | H14: 0.49 | I14: 0.45 | J14: 0.4 | K14: 0.37 | L14: 0.34 | M14: 0.23 | N14: 0.2
A15: 500 | B15: 0.95 | C15: 0.92 | D15: 0.89 | E15: 0.88 | F15: 0.86 | G15: 0.83 | H15: 0.81 | I15: 0.77 | J15: 0.73 | K15: 0.7 | L15: 0.66 | M15: 0.5 | N15: 0.44
A16: 1000 | B16: 0.99 | C16: 0.98 | D16: 0.97 | E16: 0.97 | F16: 0.96 | G16: 0.95 | H16: 0.94 | I16: 0.93 | J16: 0.91 | K16: 0.9 | L16: 0.88 | M16: 0.77 | N16: 0.71

Sheet Табл12_1
A1: СП 30.13330.2020, табл. 12.1 и п. 12.16: счётчики воды
A2: DN, мм | B2: q экспл., м³/ч | C2: S, м/(л/с)² | D2: Допустимые потери, м | E2: Подходит?
A3: 15 | B3: 1.2 | C3: 14.5 | D3: 5 | E3: =AND(B3>=Напор!$C$5,C3*Напор!$C$6^2<=D3) -> FALSE
A4: 20 | B4: 2 | C4: 5.18 | D4: 5 | E4: =AND(B4>=Напор!$C$5,C4*Напор!$C$6^2<=D4) -> FALSE
A5: 25 | B5: 2.8 | C5: 2.64 | D5: 5 | E5: =AND(B5>=Напор!$C$5,C5*Напор!$C$6^2<=D5) -> FALSE
A6: 32 | B6: 4 | C6: 1.3 | D6: 5 | E6: =AND(B6>=Напор!$C$5,C6*Напор!$C$6^2<=D6) -> FALSE
A7: 40 | B7: 6.4 | C7: 0.5 | D7: 5 | E7: =AND(B7>=Напор!$C$5,C7*Напор!$C$6^2<=D7) -> TRUE
A8: 50 | B8: 12 | C8: 0.143 | D8: 2.5 | E8: =AND(B8>=Напор!$C$5,C8*Напор!$C$6^2<=D8) -> TRUE
A9: 65 | B9: 17 | C9: 0.0081 | D9: 2.5 | E9: =AND(B9>=Напор!$C$5,C9*Напор!$C$6^2<=D9) -> TRUE
A10: 80 | B10: 36 | C10: 0.00264 | D10: 2.5 | E10: =AND(B10>=Напор!$C$5,C10*Напор!$C$6^2<=D10) -> TRUE
A11: 100 | B11: 65 | C11: 0.000766 | D11: 2.5 | E11: =AND(B11>=Напор!$C$5,C11*Напор!$C$6^2<=D11) -> TRUE
A12: 150 | B12: 140 | C12: 0.00013 | D12: 2.5 | E12: =AND(B12>=Напор!$C$5,C12*Напор!$C$6^2<=D12) -> TRUE
A13: 200 | B13: 210 | C13: 3.5e-05 | D13: 2.5 | E13: =AND(B13>=Напор!$C$5,C13*Напор!$C$6^2<=D13) -> TRUE
A14: 250 | B14: 380 | C14: 1.8e-05 | D14: 2.5 | E14: =AND(B14>=Напор!$C$5,C14*Напор!$C$6^2<=D14) -> TRUE
A15: Допустимые потери (п. 12.16): крыльчатые (DN ≤ 40) — 5 м, турбинные — 2,5 м. Счётчик подбирается по среднечасовому расходу (п. 12.14).

Sheet Трубы
A1: Трубы: сталь ВГП оцинкованная (ГОСТ 3262-75) и ПЭ100 SDR17
A2: DN | B2: d_вн, мм | C2: d_расч = d_вн − 1, мм | E2: ПЭ, Ø нар. | F2: d_вн, мм
A3: 15 | B3: 15.7 | C3: =B3-1 -> 14.7 | E3: 63 | F3: 55.4
A4: 20 | B4: 21.2 | C4: =B4-1 -> 20.2 | E4: 75 | F4: 66
A5: 25 | B5: 27.1 | C5: =B5-1 -> 26.1 | E5: 90 | F5: 79.2
A6: 32 | B6: 35.9 | C6: =B6-1 -> 34.9 | E6: 110 | F6: 96.8
A7: 40 | B7: 41 | C7: =B7-1 -> 40 | E7: 125 | F7: 110.2
A8: 50 | B8: 53 | C8: =B8-1 -> 52
A9: 65 | B9: 67.5 | C9: =B9-1 -> 66.5
A10: 80 | B10: 80.5 | C10: =B10-1 -> 79.5
A11: 100 | B11: 105 | C11: =B11-1 -> 104
A13: Расчётный диаметр Шевелёва для стальных труб d_вн − 1 мм сверен с табл. 1 «Таблиц для гидравлического расчёта водопроводных труб» (1000i совпадает до 0,3 %).

Sheet Павловский
A1: Вспомогательная таблица: расход q, л/с, при наполнении h/d для участков К1 (формула Шези с C по Павловскому)
A3: d, м | B3: =К1!I12/1000 -> 0.1 | C3: =К1!I13/1000 -> 0.1 | D3: =К1!I14/1000 -> 0.15 | E3: =К1!I15/1000 -> 0.15 | F3: =К1!I16/1000 -> 0.15
A4: i | B4: =К1!J12 -> 0.02 | C4: =К1!J13 -> 0.02 | D4: =К1!J14 -> 0.008 | E4: =К1!J15 -> 0.008 | F4: =К1!J16 -> 0.008
A5: h/d | B5: =К1!A12 -> Ст.К1-4 – Ст.К1-3 (чугун SML) | C5: =К1!A13 -> Ст.К1-3 – КК-1, выпуск К1-2 (чугун SML) | D5: =К1!A14 -> КК-1 – КК-2 (ПЭ гофр. Ø160) | E5: =К1!A15 -> КК-2 – ККК (ПЭ гофр. Ø160) | F5: =К1!A16 -> ККК – ГКК (ПЭ гофр. Ø160)
A6: 0.05 | B6: =1000*(B$3^2/8*((2*ACOS(1-2*$A6))-SIN((2*ACOS(1-2*$A6)))))*((B$3^2/8*((2*ACOS(1-2*$A6))-SIN((2*ACOS(1-2*$A6)))))/(B$3*(2*ACOS(1-2*$A6))/2))^(2.5*SQRT(К1!$H$9)-0.13-0.75*SQRT(((B$3^2/8*((2*ACOS(1-2*$A6))-SIN((2*ACOS(1-2*$A6)))))/(B$3*(2*ACOS(1-2*$A6))/2)))*(SQRT(К1!$H$9)-0.1))/К1!$H$9*SQRT(((B$3^2/8*((2*ACOS(1-2*$A6))-SIN((2*ACOS(1-2*$A6)))))/(B$3*(2*ACOS(1-2*$A6))/2))*B$4) -> 0.032882457 | C6: =1000*(C$3^2/8*((2*ACOS(1-2*$A6))-SIN((2*ACOS(1-2*$A6)))))*((C$3^2/8*((2*ACOS(1-2*$A6))-SIN((2*ACOS(1-2*$A6)))))/(C$3*(2*ACOS(1-2*$A6))/2))^(2.5*SQRT(К1!$H$9)-0.13-0.75*SQRT(((C$3^2/8*((2*ACOS(1-2*$A6))-SIN((2*ACOS(1-2*$A6)))))/(C$3*(2*ACOS(1-2*$A6))/2)))*(SQRT(К1!$H$9)-0.1))/К1!$H$9*SQRT(((C$3^2/8*((2*ACOS(1-2*$A6))-SIN((2*ACOS(1-2*$A6)))))/(C$3*(2*ACOS(1-2*$A6))/2))*C$4) -> 0.032882457 | D6: =1000*(D$3^2/8*((2*ACOS(1-2*$A6))-SIN((2*ACOS(1-2*$A6)))))*((D$3^2/8*((2*ACOS(1-2*$A6))-SIN((2*ACOS(1-2*$A6)))))/(D$3*(2*ACOS(1-2*$A6))/2))^(2.5*SQRT(К1!$H$9)-0.13-0.75*SQRT(((D$3^2/8*((2*ACOS(1-2*$A6))-SIN((2*ACOS(1-2*$A6)))))/(D$3*(2*ACOS(1-2*$A6))/2)))*(SQRT(К1!$H$9)-0.1))/К1!$H$9*SQRT(((D$3^2/8*((2*ACOS(1-2*$A6))-SIN((2*ACOS(1-2*$A6)))))/(D$3*(2*ACOS(1-2*$A6))/2))*D$4) -> 0.061332156 | E6: =1000*(E$3^2/8*((2*ACOS(1-2*$A6))-SIN((2*ACOS(1-2*$A6)))))*((E$3^2/8*((2*ACOS(1-2*$A6))-SIN((2*ACOS(1-2*$A6)))))/(E$3*(2*ACOS(1-2*$A6))/2))^(2.5*SQRT(К1!$H$9)-0.13-0.75*SQRT(((E$3^2/8*((2*ACOS(1-2*$A6))-SIN((2*ACOS(1-2*$A6)))))/(E$3*(2*ACOS(1-2*$A6))/2)))*(SQRT(К1!$H$9)-0.1))/К1!$H$9*SQRT(((E$3^2/8*((2*ACOS(1-2*$A6))-SIN((2*ACOS(1-2*$A6)))))/(E$3*(2*ACOS(1-2*$A6))/2))*E$4) -> 0.061332156 | F6: =1000*(F$3^2/8*((2*ACOS(1-2*$A6))-SIN((2*ACOS(1-2*$A6)))))*((F$3^2/8*((2*ACOS(1-2*$A6))-SIN((2*ACOS(1-2*$A6)))))/(F$3*(2*ACOS(1-2*$A6))/2))^(2.5*SQRT(К1!$H$9)-0.13-0.75*SQRT(((F$3^2/8*((2*ACOS(1-2*$A6))-SIN((2*ACOS(1-2*$A6)))))/(F$3*(2*ACOS(1-2*$A6))/2)))*(SQRT(К1!$H$9)-0.1))/К1!$H$9*SQRT(((F$3^2/8*((2*ACOS(1-2*$A6))-SIN((2*ACOS(1-2*$A6)))))/(F$3*(2*ACOS(1-2*$A6))/2))*F$4) -> 0.061332156
A7: 0.06 | B7: =1000*(B$3^2/8*((2*ACOS(1-2*$A7))-SIN((2*ACOS(1-2*$A7)))))*((B$3^2/8*((2*ACOS(1-2*$A7))-SIN((2*ACOS(1-2*$A7)))))/(B$3*(2*ACOS(1-2*$A7))/2))^(2.5*SQRT(К1!$H$9)-0.13-0.75*SQRT(((B$3^2/8*((2*ACOS(1-2*$A7))-SIN((2*ACOS(1-2*$A7)))))/(B$3*(2*ACOS(1-2*$A7))/2)))*(SQRT(К1!$H$9)-0.1))/К1!$H$9*SQRT(((B$3^2/8*((2*ACOS(1-2*$A7))-SIN((2*ACOS(1-2*$A7)))))/(B$3*(2*ACOS(1-2*$A7))/2))*B$4) -> 0.048508294 | C7: =1000*(C$3^2/8*((2*ACOS(1-2*$A7))-SIN((2*ACOS(1-2*$A7)))))*((C$3^2/8*((2*ACOS(1-2*$A7))-SIN((2*ACOS(1-2*$A7)))))/(C$3*(2*ACOS(1-2*$A7))/2))^(2.5*SQRT(К1!$H$9)-0.13-0.75*SQRT(((C$3^2/8*((2*ACOS(1-2*$A7))-SIN((2*ACOS(1-2*$A7)))))/(C$3*(2*ACOS(1-2*$A7))/2)))*(SQRT(К1!$H$9)-0.1))/К1!$H$9*SQRT(((C$3^2/8*((2*ACOS(1-2*$A7))-SIN((2*ACOS(1-2*$A7)))))/(C$3*(2*ACOS(1-2*$A7))/2))*C$4) -> 0.048508294 | D7: =1000*(D$3^2/8*((2*ACOS(1-2*$A7))-SIN((2*ACOS(1-2*$A7)))))*((D$3^2/8*((2*ACOS(1-2*$A7))-SIN((2*ACOS(1-2*$A7)))))/(D$3*(2*ACOS(1-2*$A7))/2))^(2.5*SQRT(К1!$H$9)-0.13-0.75*SQRT(((D$3^2/8*((2*ACOS(1-2*$A7))-SIN((2*ACOS(1-2*$A7)))))/(D$3*(2*ACOS(1-2*$A7))/2)))*(SQRT(К1!$H$9)-0.1))/К1!$H$9*SQRT(((D$3^2/8*((2*ACOS(1-2*$A7))-SIN((2*ACOS(1-2*$A7)))))/(D$3*(2*ACOS(1-2*$A7))/2))*D$4) -> 0.090479484 | E7: =1000*(E$3^2/8*((2*ACOS(1-2*$A7))-SIN((2*ACOS(1-2*$A7)))))*((E$3^2/8*((2*ACOS(1-2*$A7))-SIN((2*ACOS(1-2*$A7)))))/(E$3*(2*ACOS(1-2*$A7))/2))^(2.5*SQRT(К1!$H$9)-0.13-0.75*SQRT(((E$3^2/8*((2*ACOS(1-2*$A7))-SIN((2*ACOS(1-2*$A7)))))/(E$3*(2*ACOS(1-2*$A7))/2)))*(SQRT(К1!$H$9)-0.1))/К1!$H$9*SQRT(((E$3^2/8*((2*ACOS(1-2*$A7))-SIN((2*ACOS(1-2*$A7)))))/(E$3*(2*ACOS(1-2*$A7))/2))*E$4) -> 0.090479484 | F7: =1000*(F$3^2/8*((2*ACOS(1-2*$A7))-SIN((2*ACOS(1-2*$A7)))))*((F$3^2/8*((2*ACOS(1-2*$A7))-SIN((2*ACOS(1-2*$A7)))))/(F$3*(2*ACOS(1-2*$A7))/2))^(2.5*SQRT(К1!$H$9)-0.13-0.75*SQRT(((F$3^2/8*((2*ACOS(1-2*$A7))-SIN((2*ACOS(1-2*$A7)))))/(F$3*(2*ACOS(1-2*$A7))/2)))*(SQRT(К1!$H$9)-0.1))/К1!$H$9*SQRT(((F$3^2/8*((2*ACOS(1-2*$A7))-SIN((2*ACOS(1-2*$A7)))))/(F$3*(2*ACOS(1-2*$A7))/2))*F$4) -> 0.090479484
A8: 0.07 | B8: =1000*(B$3^2/8*((2*ACOS(1-2*$A8))-SIN((2*ACOS(1-2*$A8)))))*((B$3^2/8*((2*ACOS(1-2*$A8))-SIN((2*ACOS(1-2*$A8)))))/(B$3*(2*ACOS(1-2*$A8))/2))^(2.5*SQRT(К1!$H$9)-0.13-0.75*SQRT(((B$3^2/8*((2*ACOS(1-2*$A8))-SIN((2*ACOS(1-2*$A8)))))/(B$3*(2*ACOS(1-2*$A8))/2)))*(SQRT(К1!$H$9)-0.1))/К1!$H$9*SQRT(((B$3^2/8*((2*ACOS(1-2*$A8))-SIN((2*ACOS(1-2*$A8)))))/(B$3*(2*ACOS(1-2*$A8))/2))*B$4) -> 0.06731876 | C8: =1000*(C$3^2/8*((2*ACOS(1-2*$A8))-SIN((2*ACOS(1-2*$A8)))))*((C$3^2/8*((2*ACOS(1-2*$A8))-SIN((2*ACOS(1-2*$A8)))))/(C$3*(2*ACOS(1-2*$A8))/2))^(2.5*SQRT(К1!$H$9)-0.13-0.75*SQRT(((C$3^2/8*((2*ACOS(1-2*$A8))-SIN((2*ACOS(1-2*$A8)))))/(C$3*(2*ACOS(1-2*$A8))/2)))*(SQRT(К1!$H$9)-0.1))/К1!$H$9*SQRT(((C$3^2/8*((2*ACOS(1-2*$A8))-SIN((2*ACOS(1-2*$A8)))))/(C$3*(2*ACOS(1-2*$A8))/2))*C$4) -> 0.06731876 | D8: =1000*(D$3^2/8*((2*ACOS(1-2*$A8))-SIN((2*ACOS(1-2*$A8)))))*((D$3^2/8*((2*ACOS(1-2*$A8))-SIN((2*ACOS(1-2*$A8)))))/(D$3*(2*ACOS(1-2*$A8))/2))^(2.5*SQRT(К1!$H$9)-0.13-0.75*SQRT(((D$3^2/8*((2*ACOS(1-2*$A8))-SIN((2*ACOS(1-2*$A8)))))/(D$3*(2*ACOS(1-2*$A8))/2)))*(SQRT(К1!$H$9)-0.1))/К1!$H$9*SQRT(((D$3^2/8*((2*ACOS(1-2*$A8))-SIN((2*ACOS(1-2*$A8)))))/(D$3*(2*ACOS(1-2*$A8))/2))*D$4) -> 0.12556784 | E8: =1000*(E$3^2/8*((2*ACOS(1-2*$A8))-SIN((2*ACOS(1-2*$A8)))))*((E$3^2/8*((2*ACOS(1-2*$A8))-SIN((2*ACOS(1-2*$A8)))))/(E$3*(2*ACOS(1-2*$A8))/2))^(2.5*SQRT(К1!$H$9)-0.13-0.75*SQRT(((E$3^2/8*((2*ACOS(1-2*$A8))-SIN((2*ACOS(1-2*$A8)))))/(E$3*(2*ACOS(1-2*$A8))/2)))*(SQRT(К1!$H$9)-0.1))/К1!$H$9*SQRT(((E$3^2/8*((2*ACOS(1-2*$A8))-SIN((2*ACOS(1-2*$A8)))))/(E$3*(2*ACOS(1-2*$A8))/2))*E$4) -> 0.12556784 | F8: =1000*(F$3^2/8*((2*ACOS(1-2*$A8))-SIN((2*ACOS(1-2*$A8)))))*((F$3^2/8*((2*ACOS(1-2*$A8))-SIN((2*ACOS(1-2*$A8)))))/(F$3*(2*ACOS(1-2*$A8))/2))^(2.5*SQRT(К1!$H$9)-0.13-0.75*SQRT(((F$3^2/8*((2*ACOS(1-2*$A8))-SIN((2*ACOS(1-2*$A8)))))/(F$3*(2*ACOS(1-2*$A8))/2)))*(SQRT(К1!$H$9)-0.1))/К1!$H$9*SQRT(((F$3^2/8*((2*ACOS(1-2*$A8))-SIN((2*ACOS(1-2*$A8)))))/(F$3*(2*ACOS(1-2*$A8))/2))*F$4) -> 0.12556784
A9: 0.08 | B9: =1000*(B$3^2/8*((2*ACOS(1-2*$A9))-SIN((2*ACOS(1-2*$A9)))))*((B$3^2/8*((2*ACOS(1-2*$A9))-SIN((2*ACOS(1-2*$A9)))))/(B$3*(2*ACOS(1-2*$A9))/2))^(2.5*SQRT(К1!$H$9)-0.13-0.75*SQRT(((B$3^2/8*((2*ACOS(1-2*$A9))-SIN((2*ACOS(1-2*$A9)))))/(B$3*(2*ACOS(1-2*$A9))/2)))*(SQRT(К1!$H$9)-0.1))/К1!$H$9*SQRT(((B$3^2/8*((2*ACOS(1-2*$A9))-SIN((2*ACOS(1-2*$A9)))))/(B$3*(2*ACOS(1-2*$A9))/2))*B$4) -> 0.089336858 | C9: =1000*(C$3^2/8*((2*ACOS(1-2*$A9))-SIN((2*ACOS(1-2*$A9)))))*((C$3^2/8*((2*ACOS(1-2*$A9))-SIN((2*ACOS(1-2*$A9)))))/(C$3*(2*ACOS(1-2*$A9))/2))^(2.5*SQRT(К1!$H$9)-0.13-0.75*SQRT(((C$3^2/8*((2*ACOS(1-2*$A9))-SIN((2*ACOS(1-2*$A9)))))/(C$3*(2*ACOS(1-2*$A9))/2)))*(SQRT(К1!$H$9)-0.1))/К1!$H$9*SQRT(((C$3^2/8*((2*ACOS(1-2*$A9))-SIN((2*ACOS(1-2*$A9)))))/(C$3*(2*ACOS(1-2*$A9))/2))*C$4) -> 0.089336858 | D9: =1000*(D$3^2/8*((2*ACOS(1-2*$A9))-SIN((2*ACOS(1-2*$A9)))))*((D$3^2/8*((2*ACOS(1-2*$A9))-SIN((2*ACOS(1-2*$A9)))))/(D$3*(2*ACOS(1-2*$A9))/2))^(2.5*SQRT(К1!$H$9)-0.13-0.75*SQRT(((D$3^2/8*((2*ACOS(1-2*$A9))-SIN((2*ACOS(1-2*$A9)))))/(D$3*(2*ACOS(1-2*$A9))/2)))*(SQRT(К1!$H$9)-0.1))/К1!$H$9*SQRT(((D$3^2/8*((2*ACOS(1-2*$A9))-SIN((2*ACOS(1-2*$A9)))))/(D$3*(2*ACOS(1-2*$A9))/2))*D$4) -> 0.16664018 | E9: =1000*(E$3^2/8*((2*ACOS(1-2*$A9))-SIN((2*ACOS(1-2*$A9)))))*((E$3^2/8*((2*ACOS(1-2*$A9))-SIN((2*ACOS(1-2*$A9)))))/(E$3*(2*ACOS(1-2*$A9))/2))^(2.5*SQRT(К1!$H$9)-0.13-0.75*SQRT(((E$3^2/8*((2*ACOS(1-2*$A9))-SIN((2*ACOS(1-2*$A9)))))/(E$3*(2*ACOS(1-2*$A9))/2)))*(SQRT(К1!$H$9)-0.1))/К1!$H$9*SQRT(((E$3^2/8*((2*ACOS(1-2*$A9))-SIN((2*ACOS(1-2*$A9)))))/(E$3*(2*ACOS(1-2*$A9))/2))*E$4) -> 0.16664018 | F9: =1000*(F$3^2/8*((2*ACOS(1-2*$A9))-SIN((2*ACOS(1-2*$A9)))))*((F$3^2/8*((2*ACOS(1-2*$A9))-SIN((2*ACOS(1-2*$A9)))))/(F$3*(2*ACOS(1-2*$A9))/2))^(2.5*SQRT(К1!$H$9)-0.13-0.75*SQRT(((F$3^2/8*((2*ACOS(1-2*$A9))-SIN((2*ACOS(1-2*$A9)))))/(F$3*(2*ACOS(1-2*$A9))/2)))*(SQRT(К1!$H$9)-0.1))/К1!$H$9*SQRT(((F$3^2/8*((2*ACOS(1-2*$A9))-SIN((2*ACOS(1-2*$A9)))))/(F$3*(2*ACOS(1-2*$A9))/2))*F$4) -> 0.16664018
A10: 0.09 | B10: =1000*(B$3^2/8*((2*ACOS(1-2*$A10))-SIN((2*ACOS(1-2*$A10)))))*((B$3^2/8*((2*ACOS(1-2*$A10))-SIN((2*ACOS(1-2*$A10)))))/(B$3*(2*ACOS(1-2*$A10))/2))^(2.5*SQRT(К1!$H$9)-0.13-0.75*SQRT(((B$3^2/8*((2*ACOS(1-2*$A10))-SIN((2*ACOS(1-2*$A10)))))/(B$3*(2*ACOS(1-2*$A10))/2)))*(SQRT(К1!$H$9)-0.1))/К1!$H$9*SQRT(((B$3^2/8*((2*ACOS(1-2*$A10))-SIN((2*ACOS(1-2*$A10)))))/(B$3*(2*ACOS(1-2*$A10))/2))*B$4) -> 0.11457326 | C10: =1000*(C$3^2/8*((2*ACOS(1-2*$A10))-SIN((2*ACOS(1-2*$A10)))))*((C$3^2/8*((2*ACOS(1-2*$A10))-SIN((2*ACOS(1-2*$A10)))))/(C$3*(2*ACOS(1-2*$A10))/2))^(2.5*SQRT(К1!$H$9)-0.13-0.75*SQRT(((C$3^2/8*((2*ACOS(1-2*$A10))-SIN((2*ACOS(1-2*$A10)))))/(C$3*(2*ACOS(1-2*$A10))/2)))*(SQRT(К1!$H$9)-0.1))/К1!$H$9*SQRT(((C$3^2/8*((2*ACOS(1-2*$A10))-SIN((2*ACOS(1-2*$A10)))))/(C$3*(2*ACOS(1-2*$A10))/2))*C$4) -> 0.11457326 | D10: =1000*(D$3^2/8*((2*ACOS(1-2*$A10))-SIN((2*ACOS(1-2*$A10)))))*((D$3^2/8*((2*ACOS(1-2*$A10))-SIN((2*ACOS(1-2*$A10)))))/(D$3*(2*ACOS(1-2*$A10))/2))^(2.5*SQRT(К1!$H$9)-0.13-0.75*SQRT(((D$3^2/8*((2*ACOS(1-2*$A10))-SIN((2*ACOS(1-2*$A10)))))/(D$3*(2*ACOS(1-2*$A10))/2)))*(SQRT(К1!$H$9)-0.1))/К1!$H$9*SQRT(((D$3^2/8*((2*ACOS(1-2*$A10))-SIN((2*ACOS(1-2*$A10)))))/(D$3*(2*ACOS(1-2*$A10))/2))*D$4) -> 0.21371644 | E10: =1000*(E$3^2/8*((2*ACOS(1-2*$A10))-SIN((2*ACOS(1-2*$A10)))))*((E$3^2/8*((2*ACOS(1-2*$A10))-SIN((2*ACOS(1-2*$A10)))))/(E$3*(2*ACOS(1-2*$A10))/2))^(2.5*SQRT(К1!$H$9)-0.13-0.75*SQRT(((E$3^2/8*((2*ACOS(1-2*$A10))-SIN((2*ACOS(1-2*$A10)))))/(E$3*(2*ACOS(1-2*$A10))/2)))*(SQRT(К1!$H$9)-0.1))/К1!$H$9*SQRT(((E$3^2/8*((2*ACOS(1-2*$A10))-SIN((2*ACOS(1-2*$A10)))))/(E$3*(2*ACOS(1-2*$A10))/2))*E$4) -> 0.21371644 | F10: =1000*(F$3^2/8*((2*ACOS(1-2*$A10))-SIN((2*ACOS(1-2*$A10)))))*((F$3^2/8*((2*ACOS(1-2*$A10))-SIN((2*ACOS(1-2*$A10)))))/(F$3*(2*ACOS(1-2*$A10))/2))^(2.5*SQRT(К1!$H$9)-0.13-0.75*SQRT(((F$3^2/8*((2*ACOS(1-2*$A10))-SIN((2*ACOS(1-2*$A10)))))/(F$3*(2*ACOS(1-2*$A10))/2)))*(SQRT(К1!$H$9)-0.1))/К1!$H$9*SQRT(((F$3^2/8*((2*ACOS(1-2*$A10))-SIN((2*ACOS(1-2*$A10)))))/(F$3*(2*ACOS(1-2*$A10))/2))*F$4) -> 0.21371644
A11: 0.1 | B11: =1000*(B$3^2/8*((2*ACOS(1-2*$A11))-SIN((2*ACOS(1-2*$A11)))))*((B$3^2/8*((2*ACOS(1-2*$A11))-SIN((2*ACOS(1-2*$A11)))))/(B$3*(2*ACOS(1-2*$A11))/2))^(2.5*SQRT(К1!$H$9)-0.13-0.75*SQRT(((B$3^2/8*((2*ACOS(1-2*$A11))-SIN((2*ACOS(1-2*$A11)))))/(B$3*(2*ACOS(1-2*$A11))/2)))*(SQRT(К1!$H$9)-0.1))/К1!$H$9*SQRT(((B$3^2/8*((2*ACOS(1-2*$A11))-SIN((2*ACOS(1-2*$A11)))))/(B$3*(2*ACOS(1-2*$A11))/2))*B$4) -> 0.1430288 | C11: =1000*(C$3^2/8*((2*ACOS(1-2*$A11))-SIN((2*ACOS(1-2*$A11)))))*((C$3^2/8*((2*ACOS(1-2*$A11))-SIN((2*ACOS(1-2*$A11)))))/(C$3*(2*ACOS(1-2*$A11))/2))^(2.5*SQRT(К1!$H$9)-0.13-0.75*SQRT(((C$3^2/8*((2*ACOS(1-2*$A11))-SIN((2*ACOS(1-2*$A11)))))/(C$3*(2*ACOS(1-2*$A11))/2)))*(SQRT(К1!$H$9)-0.1))/К1!$H$9*SQRT(((C$3^2/8*((2*ACOS(1-2*$A11))-SIN((2*ACOS(1-2*$A11)))))/(C$3*(2*ACOS(1-2*$A11))/2))*C$4) -> 0.1430288 | D11: =1000*(D$3^2/8*((2*ACOS(1-2*$A11))-SIN((2*ACOS(1-2*$A11)))))*((D$3^2/8*((2*ACOS(1-2*$A11))-SIN((2*ACOS(1-2*$A11)))))/(D$3*(2*ACOS(1-2*$A11))/2))^(2.5*SQRT(К1!$H$9)-0.13-0.75*SQRT(((D$3^2/8*((2*ACOS(1-2*$A11))-SIN((2*ACOS(1-2*$A11)))))/(D$3*(2*ACOS(1-2*$A11))/2)))*(SQRT(К1!$H$9)-0.1))/К1!$H$9*SQRT(((D$3^2/8*((2*ACOS(1-2*$A11))-SIN((2*ACOS(1-2*$A11)))))/(D$3*(2*ACOS(1-2*$A11))/2))*D$4) -> 0.26679818 | E11: =1000*(E$3^2/8*((2*ACOS(1-2*$A11))-SIN((2*ACOS(1-2*$A11)))))*((E$3^2/8*((2*ACOS(1-2*$A11))-SIN((2*ACOS(1-2*$A11)))))/(E$3*(2*ACOS(1-2*$A11))/2))^(2.5*SQRT(К1!$H$9)-0.13-0.75*SQRT(((E$3^2/8*((2*ACOS(1-2*$A11))-SIN((2*ACOS(1-2*$A11)))))/(E$3*(2*ACOS(1-2*$A11))/2)))*(SQRT(К1!$H$9)-0.1))/К1!$H$9*SQRT(((E$3^2/8*((2*ACOS(1-2*$A11))-SIN((2*ACOS(1-2*$A11)))))/(E$3*(2*ACOS(1-2*$A11))/2))*E$4) -> 0.26679818 | F11: =1000*(F$3^2/8*((2*ACOS(1-2*$A11))-SIN((2*ACOS(1-2*$A11)))))*((F$3^2/8*((2*ACOS(1-2*$A11))-SIN((2*ACOS(1-2*$A11)))))/(F$3*(2*ACOS(1-2*$A11))/2))^(2.5*SQRT(К1!$H$9)-0.13-0.75*SQRT(((F$3^2/8*((2*ACOS(1-2*$A11))-SIN((2*ACOS(1-2*$A11)))))/(F$3*(2*ACOS(1-2*$A11))/2)))*(SQRT(К1!$H$9)-0.1))/К1!$H$9*SQRT(((F$3^2/8*((2*ACOS(1-2*$A11))-SIN((2*ACOS(1-2*$A11)))))/(F$3*(2*ACOS(1-2*$A11))/2))*F$4) -> 0.26679818
A12: 0.11 | B12: =1000*(B$3^2/8*((2*ACOS(1-2*$A12))-SIN((2*ACOS(1-2*$A12)))))*((B$3^2/8*((2*ACOS(1-2*$A12))-SIN((2*ACOS(1-2*$A12)))))/(B$3*(2*ACOS(1-2*$A12))/2))^(2.5*SQRT(К1!$H$9)-0.13-0.75*SQRT(((B$3^2/8*((2*ACOS(1-2*$A12))-SIN((2*ACOS(1-2*$A12)))))/(B$3*(2*ACOS(1-2*$A12))/2)))*(SQRT(К1!$H$9)-0.1))/К1!$H$9*SQRT(((B$3^2/8*((2*ACOS(1-2*$A12))-SIN((2*ACOS(1-2*$A12)))))/(B$3*(2*ACOS(1-2*$A12))/2))*B$4) -> 0.17469623 | C12: =1000*(C$3^2/8*((2*ACOS(1-2*$A12))-SIN((2*ACOS(1-2*$A12)))))*((C$3^2/8*((2*ACOS(1-2*$A12))-SIN((2*ACOS(1-2*$A12)))))/(C$3*(2*ACOS(1-2*$A12))/2))^(2.5*SQRT(К1!$H$9)-0.13-0.75*SQRT(((C$3^2/8*((2*ACOS(1-2*$A12))-SIN((2*ACOS(1-2*$A12)))))/(C$3*(2*ACOS(1-2*$A12))/2)))*(SQRT(К1!$H$9)-0.1))/К1!$H$9*SQRT(((C$3^2/8*((2*ACOS(1-2*$A12))-SIN((2*ACOS(1-2*$A12)))))/(C$3*(2*ACOS(1-2*$A12))/2))*C$4) -> 0.17469623 | D12: =1000*(D$3^2/8*((2*ACOS(1-2*$A12))-SIN((2*ACOS(1-2*$A12)))))*((D$3^2/8*((2*ACOS(1-2*$A12))-SIN((2*ACOS(1-2*$A12)))))/(D$3*(2*ACOS(1-2*$A12))/2))^(2.5*SQRT(К1!$H$9)-0.13-0.75*SQRT(((D$3^2/8*((2*ACOS(1-2*$A12))-SIN((2*ACOS(1-2*$A12)))))/(D$3*(2*ACOS(1-2*$A12))/2)))*(SQRT(К1!$H$9)-0.1))/К1!$H$9*SQRT(((D$3^2/8*((2*ACOS(1-2*$A12))-SIN((2*ACOS(1-2*$A12)))))/(D$3*(2*ACOS(1-2*$A12))/2))*D$4) -> 0.32587186 | E12: =1000*(E$3^2/8*((2*ACOS(1-2*$A12))-SIN((2*ACOS(1-2*$A12)))))*((E$3^2/8*((2*ACOS(1-2*$A12))-SIN((2*ACOS(1-2*$A12)))))/(E$3*(2*ACOS(1-2*$A12))/2))^(2.5*SQRT(К1!$H$9)-0.13-0.75*SQRT(((E$3^2/8*((2*ACOS(1-2*$A12))-SIN((2*ACOS(1-2*$A12)))))/(E$3*(2*ACOS(1-2*$A12))/2)))*(SQRT(К1!$H$9)-0.1))/К1!$H$9*SQRT(((E$3^2/8*((2*ACOS(1-2*$A12))-SIN((2*ACOS(1-2*$A12)))))/(E$3*(2*ACOS(1-2*$A12))/2))*E$4) -> 0.32587186 | F12: =1000*(F$3^2/8*((2*ACOS(1-2*$A12))-SIN((2*ACOS(1-2*$A12)))))*((F$3^2/8*((2*ACOS(1-2*$A12))-SIN((2*ACOS(1-2*$A12)))))/(F$3*(2*ACOS(1-2*$A12))/2))^(2.5*SQRT(К1!$H$9)-0.13-0.75*SQRT(((F$3^2/8*((2*ACOS(1-2*$A12))-SIN((2*ACOS(1-2*$A12)))))/(F$3*(2*ACOS(1-2*$A12))/2)))*(SQRT(К1!$H$9)-0.1))/К1!$H$9*SQRT(((F$3^2/8*((2*ACOS(1-2*$A12))-SIN((2*ACOS(1-2*$A12)))))/(F$3*(2*ACOS(1-2*$A12))/2))*F$4) -> 0.32587186
A13: 0.12 | B13: =1000*(B$3^2/8*((2*ACOS(1-2*$A13))-SIN((2*ACOS(1-2*$A13)))))*((B$3^2/8*((2*ACOS(1-2*$A13))-SIN((2*ACOS(1-2*$A13)))))/(B$3*(2*ACOS(1-2*$A13))/2))^(2.5*SQRT(К1!$H$9)-0.13-0.75*SQRT(((B$3^2/8*((2*ACOS(1-2*$A13))-SIN((2*ACOS(1-2*$A13)))))/(B$3*(2*ACOS(1-2*$A13))/2)))*(SQRT(К1!$H$9)-0.1))/К1!$H$9*SQRT(((B$3^2/8*((2*ACOS(1-2*$A13))-SIN((2*ACOS(1-2*$A13)))))/(B$3*(2*ACOS(1-2*$A13))/2))*B$4) -> 0.20956147 | C13: =1000*(C$3^2/8*((2*ACOS(1-2*$A13))-SIN((2*ACOS(1-2*$A13)))))*((C$3^2/8*((2*ACOS(1-2*$A13))-SIN((2*ACOS(1-2*$A13)))))/(C$3*(2*ACOS(1-2*$A13))/2))^(2.5*SQRT(К1!$H$9)-0.13-0.75*SQRT(((C$3^2/8*((2*ACOS(1-2*$A13))-SIN((2*ACOS(1-2*$A13)))))/(C$3*(2*ACOS(1-2*$A13))/2)))*(SQRT(К1!$H$9)-0.1))/К1!$H$9*SQRT(((C$3^2/8*((2*ACOS(1-2*$A13))-SIN((2*ACOS(1-2*$A13)))))/(C$3*(2*ACOS(1-2*$A13))/2))*C$4) -> 0.20956147 | D13: =1000*(D$3^2/8*((2*ACOS(1-2*$A13))-SIN((2*ACOS(1-2*$A13)))))*((D$3^2/8*((2*ACOS(1-2*$A13))-SIN((2*ACOS(1-2*$A13)))))/(D$3*(2*ACOS(1-2*$A13))/2))^(2.5*SQRT(К1!$H$9)-0.13-0.75*SQRT(((D$3^2/8*((2*ACOS(1-2*$A13))-SIN((2*ACOS(1-2*$A13)))))/(D$3*(2*ACOS(1-2*$A13))/2)))*(SQRT(К1!$H$9)-0.1))/К1!$H$9*SQRT(((D$3^2/8*((2*ACOS(1-2*$A13))-SIN((2*ACOS(1-2*$A13)))))/(D$3*(2*ACOS(1-2*$A13))/2))*D$4) -> 0.39091121 | E13: =1000*(E$3^2/8*((2*ACOS(1-2*$A13))-SIN((2*ACOS(1-2*$A13)))))*((E$3^2/8*((2*ACOS(1-2*$A13))-SIN((2*ACOS(1-2*$A13)))))/(E$3*(2*ACOS(1-2*$A13))/2))^(2.5*SQRT(К1!$H$9)-0.13-0.75*SQRT(((E$3^2/8*((2*ACOS(1-2*$A13))-SIN((2*ACOS(1-2*$A13)))))/(E$3*(2*ACOS(1-2*$A13))/2)))*(SQRT(К1!$H$9)-0.1))/К1!$H$9*SQRT(((E$3^2/8*((2*ACOS(1-2*$A13))-SIN((2*ACOS(1-2*$A13)))))/(E$3*(2*ACOS(1-2*$A13))/2))*E$4) -> 0.39091121 | F13: =1000*(F$3^2/8*((2*ACOS(1-2*$A13))-SIN((2*ACOS(1-2*$A13)))))*((F$3^2/8*((2*ACOS(1-2*$A13))-SIN((2*ACOS(1-2*$A13)))))/(F$3*(2*ACOS(1-2*$A13))/2))^(2.5*SQRT(К1!$H$9)-0.13-0.75*SQRT(((F$3^2/8*((2*ACOS(1-2*$A13))-SIN((2*ACOS(1-2*$A13)))))/(F$3*(2*ACOS(1-2*$A13))/2)))*(SQRT(К1!$H$9)-0.1))/К1!$H$9*SQRT(((F$3^2/8*((2*ACOS(1-2*$A13))-SIN((2*ACOS(1-2*$A13)))))/(F$3*(2*ACOS(1-2*$A13))/2))*F$4) -> 0.39091121
A14: 0.13 | B14: =1000*(B$3^2/8*((2*ACOS(1-2*$A14))-SIN((2*ACOS(1-2*$A14)))))*((B$3^2/8*((2*ACOS(1-2*$A14))-SIN((2*ACOS(1-2*$A14)))))/(B$3*(2*ACOS(1-2*$A14))/2))^(2.5*SQRT(К1!$H$9)-0.13-0.75*SQRT(((B$3^2/8*((2*ACOS(1-2*$A14))-SIN((2*ACOS(1-2*$A14)))))/(B$3*(2*ACOS(1-2*$A14))/2)))*(SQRT(К1!$H$9)-0.1))/К1!$H$9*SQRT(((B$3^2/8*((2*ACOS(1-2*$A14))-SIN((2*ACOS(1-2*$A14)))))/(B$3*(2*ACOS(1-2*$A14))/2))*B$4) -> 0.24760461 | C14: =1000*(C$3^2/8*((2*ACOS(1-2*$A14))-SIN((2*ACOS(1-2*$A14)))))*((C$3^2/8*((2*ACOS(1-2*$A14))-SIN((2*ACOS(1-2*$A14)))))/(C$3*(2*ACOS(1-2*$A14))/2))^(2.5*SQRT(К1!$H$9)-0.13-0.75*SQRT(((C$3^2/8*((2*ACOS(1-2*$A14))-SIN((2*ACOS(1-2*$A14)))))/(C$3*(2*ACOS(1-2*$A14))/2)))*(SQRT(К1!$H$9)-0.1))/К1!$H$9*SQRT(((C$3^2/8*((2*ACOS(1-2*$A14))-SIN((2*ACOS(1-2*$A14)))))/(C$3*(2*ACOS(1-2*$A14))/2))*C$4) -> 0.24760461 | D14: =1000*(D$3^2/8*((2*ACOS(1-2*$A14))-SIN((2*ACOS(1-2*$A14)))))*((D$3^2/8*((2*ACOS(1-2*$A14))-SIN((2*ACOS(1-2*$A14)))))/(D$3*(2*ACOS(1-2*$A14))/2))^(2.5*SQRT(К1!$H$9)-0.13-0.75*SQRT(((D$3^2/8*((2*ACOS(1-2*$A14))-SIN((2*ACOS(1-2*$A14)))))/(D$3*(2*ACOS(1-2*$A14))/2)))*(SQRT(К1!$H$9)-0.1))/К1!$H$9*SQRT(((D$3^2/8*((2*ACOS(1-2*$A14))-SIN((2*ACOS(1-2*$A14)))))/(D$3*(2*ACOS(1-2*$A14))/2))*D$4) -> 0.46187904 | E14: =1000*(E$3^2/8*((2*ACOS(1-2*$A14))-SIN((2*ACOS(1-2*$A14)))))*((E$3^2/8*((2*ACOS(1-2*$A14))-SIN((2*ACOS(1-2*$A14)))))/(E$3*(2*ACOS(1-2*$A14))/2))^(2.5*SQRT(К1!$H$9)-0.13-0.75*SQRT(((E$3^2/8*((2*ACOS(1-2*$A14))-SIN((2*ACOS(1-2*$A14)))))/(E$3*(2*ACOS(1-2*$A14))/2)))*(SQRT(К1!$H$9)-0.1))/К1!$H$9*SQRT(((E$3^2/8*((2*ACOS(1-2*$A14))-SIN((2*ACOS(1-2*$A14)))))/(E$3*(2*ACOS(1-2*$A14))/2))*E$4) -> 0.46187904 | F14: =1000*(F$3^2/8*((2*ACOS(1-2*$A14))-SIN((2*ACOS(1-2*$A14)))))*((F$3^2/8*((2*ACOS(1-2*$A14))-SIN((2*ACOS(1-2*$A14)))))/(F$3*(2*ACOS(1-2*$A14))/2))^(2.5*SQRT(К1!$H$9)-0.13-0.75*SQRT(((F$3^2/8*((2*ACOS(1-2*$A14))-SIN((2*ACOS(1-2*$A14)))))/(F$3*(2*ACOS(1-2*$A14))/2)))*(SQRT(К1!$H$9)-0.1))/К1!$H$9*SQRT(((F$3^2/8*((2*ACOS(1-2*$A14))-SIN((2*ACOS(1-2*$A14)))))/(F$3*(2*ACOS(1-2*$A14))/2))*F$4) -> 0.46187904
A15: 0.14 | B15: =1000*(B$3^2/8*((2*ACOS(1-2*$A15))-SIN((2*ACOS(1-2*$A15)))))*((B$3^2/8*((2*ACOS(1-2*$A15))-SIN((2*ACOS(1-2*$A15)))))/(B$3*(2*ACOS(1-2*$A15))/2))^(2.5*SQRT(К1!$H$9)-0.13-0.75*SQRT(((B$3^2/8*((2*ACOS(1-2*$A15))-SIN((2*ACOS(1-2*$A15)))))/(B$3*(2*ACOS(1-2*$A15))/2)))*(SQRT(К1!$H$9)-0.1))/К1!$H$9*SQRT(((B$3^2/8*((2*ACOS(1-2*$A15))-SIN((2*ACOS(1-2*$A15)))))/(B$3*(2*ACOS(1-2*$A15))/2))*B$4) -> 0.28880063 | C15: =1000*(C$3^2/8*((2*ACOS(1-2*$A15))-SIN((2*ACOS(1-2*$A15)))))*((C$3^2/8*((2*ACOS(1-2*$A15))-SIN((2*ACOS(1-2*$A15)))))/(C$3*(2*ACOS(1-2*$A15))/2))^(2.5*SQRT(К1!$H$9)-0.13-0.75*SQRT(((C$3^2/8*((2*ACOS(1-2*$A15))-SIN((2*ACOS(1-2*$A15)))))/(C$3*(2*ACOS(1-2*$A15))/2)))*(SQRT(К1!$H$9)-0.1))/К1!$H$9*SQRT(((C$3^2/8*((2*ACOS(1-2*$A15))-SIN((2*ACOS(1-2*$A15)))))/(C$3*(2*ACOS(1-2*$A15))/2))*C$4) -> 0.28880063 | D15: =1000*(D$3^2/8*((2*ACOS(1-2*$A15))-SIN((2*ACOS(1-2*$A15)))))*((D$3^2/8*((2*ACOS(1-2*$A15))-SIN((2*ACOS(1-2*$A15)))))/(D$3*(2*ACOS(1-2*$A15))/2))^(2.5*SQRT(К1!$H$9)-0.13-0.75*SQRT(((D$3^2/8*((2*ACOS(1-2*$A15))-SIN((2*ACOS(1-2*$A15)))))/(D$3*(2*ACOS(1-2*$A15))/2)))*(SQRT(К1!$H$9)-0.1))/К1!$H$9*SQRT(((D$3^2/8*((2*ACOS(1-2*$A15))-SIN((2*ACOS(1-2*$A15)))))/(D$3*(2*ACOS(1-2*$A15))/2))*D$4) -> 0.53872865 | E15: =1000*(E$3^2/8*((2*ACOS(1-2*$A15))-SIN((2*ACOS(1-2*$A15)))))*((E$3^2/8*((2*ACOS(1-2*$A15))-SIN((2*ACOS(1-2*$A15)))))/(E$3*(2*ACOS(1-2*$A15))/2))^(2.5*SQRT(К1!$H$9)-0.13-0.75*SQRT(((E$3^2/8*((2*ACOS(1-2*$A15))-SIN((2*ACOS(1-2*$A15)))))/(E$3*(2*ACOS(1-2*$A15))/2)))*(SQRT(К1!$H$9)-0.1))/К1!$H$9*SQRT(((E$3^2/8*((2*ACOS(1-2*$A15))-SIN((2*ACOS(1-2*$A15)))))/(E$3*(2*ACOS(1-2*$A15))/2))*E$4) -> 0.53872865 | F15: =1000*(F$3^2/8*((2*ACOS(1-2*$A15))-SIN((2*ACOS(1-2*$A15)))))*((F$3^2/8*((2*ACOS(1-2*$A15))-SIN((2*ACOS(1-2*$A15)))))/(F$3*(2*ACOS(1-2*$A15))/2))^(2.5*SQRT(К1!$H$9)-0.13-0.75*SQRT(((F$3^2/8*((2*ACOS(1-2*$A15))-SIN((2*ACOS(1-2*$A15)))))/(F$3*(2*ACOS(1-2*$A15))/2)))*(SQRT(К1!$H$9)-0.1))/К1!$H$9*SQRT(((F$3^2/8*((2*ACOS(1-2*$A15))-SIN((2*ACOS(1-2*$A15)))))/(F$3*(2*ACOS(1-2*$A15))/2))*F$4) -> 0.53872865
A16: 0.15 | B16: =1000*(B$3^2/8*((2*ACOS(1-2*$A16))-SIN((2*ACOS(1-2*$A16)))))*((B$3^2/8*((2*ACOS(1-2*$A16))-SIN((2*ACOS(1-2*$A16)))))/(B$3*(2*ACOS(1-2*$A16))/2))^(2.5*SQRT(К1!$H$9)-0.13-0.75*SQRT(((B$3^2/8*((2*ACOS(1-2*$A16))-SIN((2*ACOS(1-2*$A16)))))/(B$3*(2*ACOS(1-2*$A16))/2)))*(SQRT(К1!$H$9)-0.1))/К1!$H$9*SQRT(((B$3^2/8*((2*ACOS(1-2*$A16))-SIN((2*ACOS(1-2*$A16)))))/(B$3*(2*ACOS(1-2*$A16))/2))*B$4) -> 0.33312002 | C16: =1000*(C$3^2/8*((2*ACOS(1-2*$A16))-SIN((2*ACOS(1-2*$A16)))))*((C$3^2/8*((2*ACOS(1-2*$A16))-SIN((2*ACOS(1-2*$A16)))))/(C$3*(2*ACOS(1-2*$A16))/2))^(2.5*SQRT(К1!$H$9)-0.13-0.75*SQRT(((C$3^2/8*((2*ACOS(1-2*$A16))-SIN((2*ACOS(1-2*$A16)))))/(C$3*(2*ACOS(1-2*$A16))/2)))*(SQRT(К1!$H$9)-0.1))/К1!$H$9*SQRT(((C$3^2/8*((2*ACOS(1-2*$A16))-SIN((2*ACOS(1-2*$A16)))))/(C$3*(2*ACOS(1-2*$A16))/2))*C$4) -> 0.33312002 | D16: =1000*(D$3^2/8*((2*ACOS(1-2*$A16))-SIN((2*ACOS(1-2*$A16)))))*((D$3^2/8*((2*ACOS(1-2*$A16))-SIN((2*ACOS(1-2*$A16)))))/(D$3*(2*ACOS(1-2*$A16))/2))^(2.5*SQRT(К1!$H$9)-0.13-0.75*SQRT(((D$3^2/8*((2*ACOS(1-2*$A16))-SIN((2*ACOS(1-2*$A16)))))/(D$3*(2*ACOS(1-2*$A16))/2)))*(SQRT(К1!$H$9)-0.1))/К1!$H$9*SQRT(((D$3^2/8*((2*ACOS(1-2*$A16))-SIN((2*ACOS(1-2*$A16)))))/(D$3*(2*ACOS(1-2*$A16))/2))*D$4) -> 0.62140496 | E16: =1000*(E$3^2/8*((2*ACOS(1-2*$A16))-SIN((2*ACOS(1-2*$A16)))))*((E$3^2/8*((2*ACOS(1-2*$A16))-SIN((2*ACOS(1-2*$A16)))))/(E$3*(2*ACOS(1-2*$A16))/2))^(2.5*SQRT(К1!$H$9)-0.13-0.75*SQRT(((E$3^2/8*((2*ACOS(1-2*$A16))-SIN((2*ACOS(1-2*$A16)))))/(E$3*(2*ACOS(1-2*$A16))/2)))*(SQRT(К1!$H$9)-0.1))/К1!$H$9*SQRT(((E$3^2/8*((2*ACOS(1-2*$A16))-SIN((2*ACOS(1-2*$A16)))))/(E$3*(2*ACOS(1-2*$A16))/2))*E$4) -> 0.62140496 | F16: =1000*(F$3^2/8*((2*ACOS(1-2*$A16))-SIN((2*ACOS(1-2*$A16)))))*((F$3^2/8*((2*ACOS(1-2*$A16))-SIN((2*ACOS(1-2*$A16)))))/(F$3*(2*ACOS(1-2*$A16))/2))^(2.5*SQRT(К1!$H$9)-0.13-0.75*SQRT(((F$3^2/8*((2*ACOS(1-2*$A16))-SIN((2*ACOS(1-2*$A16)))))/(F$3*(2*ACOS(1-2*$A16))/2)))*(SQRT(К1!$H$9)-0.1))/К1!$H$9*SQRT(((F$3^2/8*((2*ACOS(1-2*$A16))-SIN((2*ACOS(1-2*$A16)))))/(F$3*(2*ACOS(1-2*$A16))/2))*F$4) -> 0.62140496
A17: 0.16 | B17: =1000*(B$3^2/8*((2*ACOS(1-2*$A17))-SIN((2*ACOS(1-2*$A17)))))*((B$3^2/8*((2*ACOS(1-2*$A17))-SIN((2*ACOS(1-2*$A17)))))/(B$3*(2*ACOS(1-2*$A17))/2))^(2.5*SQRT(К1!$H$9)-0.13-0.75*SQRT(((B$3^2/8*((2*ACOS(1-2*$A17))-SIN((2*ACOS(1-2*$A17)))))/(B$3*(2*ACOS(1-2*$A17))/2)))*(SQRT(К1!$H$9)-0.1))/К1!$H$9*SQRT(((B$3^2/8*((2*ACOS(1-2*$A17))-SIN((2*ACOS(1-2*$A17)))))/(B$3*(2*ACOS(1-2*$A17))/2))*B$4) -> 0.38052926 | C17: =1000*(C$3^2/8*((2*ACOS(1-2*$A17))-SIN((2*ACOS(1-2*$A17)))))*((C$3^2/8*((2*ACOS(1-2*$A17))-SIN((2*ACOS(1-2*$A17)))))/(C$3*(2*ACOS(1-2*$A17))/2))^(2.5*SQRT(К1!$H$9)-0.13-0.75*SQRT(((C$3^2/8*((2*ACOS(1-2*$A17))-SIN((2*ACOS(1-2*$A17)))))/(C$3*(2*ACOS(1-2*$A17))/2)))*(SQRT(К1!$H$9)-0.1))/К1!$H$9*SQRT(((C$3^2/8*((2*ACOS(1-2*$A17))-SIN((2*ACOS(1-2*$A17)))))/(C$3*(2*ACOS(1-2*$A17))/2))*C$4) -> 0.38052926 | D17: =1000*(D$3^2/8*((2*ACOS(1-2*$A17))-SIN((2*ACOS(1-2*$A17)))))*((D$3^2/8*((2*ACOS(1-2*$A17))-SIN((2*ACOS(1-2*$A17)))))/(D$3*(2*ACOS(1-2*$A17))/2))^(2.5*SQRT(К1!$H$9)-0.13-0.75*SQRT(((D$3^2/8*((2*ACOS(1-2*$A17))-SIN((2*ACOS(1-2*$A17)))))/(D$3*(2*ACOS(1-2*$A17))/2)))*(SQRT(К1!$H$9)-0.1))/К1!$H$9*SQRT(((D$3^2/8*((2*ACOS(1-2*$A17))-SIN((2*ACOS(1-2*$A17)))))/(D$3*(2*ACOS(1-2*$A17))/2))*D$4) -> 0.70984534 | E17: =1000*(E$3^2/8*((2*ACOS(1-2*$A17))-SIN((2*ACOS(1-2*$A17)))))*((E$3^2/8*((2*ACOS(1-2*$A17))-SIN((2*ACOS(1-2*$A17)))))/(E$3*(2*ACOS(1-2*$A17))/2))^(2.5*SQRT(К1!$H$9)-0.13-0.75*SQRT(((E$3^2/8*((2*ACOS(1-2*$A17))-SIN((2*ACOS(1-2*$A17)))))/(E$3*(2*ACOS(1-2*$A17))/2)))*(SQRT(К1!$H$9)-0.1))/К1!$H$9*SQRT(((E$3^2/8*((2*ACOS(1-2*$A17))-SIN((2*ACOS(1-2*$A17)))))/(E$3*(2*ACOS(1-2*$A17))/2))*E$4) -> 0.70984534 | F17: =1000*(F$3^2/8*((2*ACOS(1-2*$A17))-SIN((2*ACOS(1-2*$A17)))))*((F$3^2/8*((2*ACOS(1-2*$A17))-SIN((2*ACOS(1-2*$A17)))))/(F$3*(2*ACOS(1-2*$A17))/2))^(2.5*SQRT(К1!$H$9)-0.13-0.75*SQRT(((F$3^2/8*((2*ACOS(1-2*$A17))-SIN((2*ACOS(1-2*$A17)))))/(F$3*(2*ACOS(1-2*$A17))/2)))*(SQRT(К1!$H$9)-0.1))/К1!$H$9*SQRT(((F$3^2/8*((2*ACOS(1-2*$A17))-SIN((2*ACOS(1-2*$A17)))))/(F$3*(2*ACOS(1-2*$A17))/2))*F$4) -> 0.70984534
... A91: 0.9 | B91: =1000*(B$3^2/8*((2*ACOS(1-2*$A91))-SIN((2*ACOS(1-2*$A91)))))*((B$3^2/8*((2*ACOS(1-2*$A91))-SIN((2*ACOS(1-2*$A91)))))/(B$3*(2*ACOS(1-2*$A91))/2))^(2.5*SQRT(К1!$H$9)-0.13-0.75*SQRT(((B$3^2/8*((2*ACOS(1-2*$A91))-SIN((2*ACOS(1-2*$A91)))))/(B$3*(2*ACOS(1-2*$A91))/2)))*(SQRT(К1!$H$9)-0.1))/К1!$H$9*SQRT(((B$3^2/8*((2*ACOS(1-2*$A91))-SIN((2*ACOS(1-2*$A91)))))/(B$3*(2*ACOS(1-2*$A91))/2))*B$4) -> 7.3121838 | C91: =1000*(C$3^2/8*((2*ACOS(1-2*$A91))-SIN((2*ACOS(1-2*$A91)))))*((C$3^2/8*((2*ACOS(1-2*$A91))-SIN((2*ACOS(1-2*$A91)))))/(C$3*(2*ACOS(1-2*$A91))/2))^(2.5*SQRT(К1!$H$9)-0.13-0.75*SQRT(((C$3^2/8*((2*ACOS(1-2*$A91))-SIN((2*ACOS(1-2*$A91)))))/(C$3*(2*ACOS(1-2*$A91))/2)))*(SQRT(К1!$H$9)-0.1))/К1!$H$9*SQRT(((C$3^2/8*((2*ACOS(1-2*$A91))-SIN((2*ACOS(1-2*$A91)))))/(C$3*(2*ACOS(1-2*$A91))/2))*C$4) -> 7.3121838 | D91: =1000*(D$3^2/8*((2*ACOS(1-2*$A91))-SIN((2*ACOS(1-2*$A91)))))*((D$3^2/8*((2*ACOS(1-2*$A91))-SIN((2*ACOS(1-2*$A91)))))/(D$3*(2*ACOS(1-2*$A91))/2))^(2.5*SQRT(К1!$H$9)-0.13-0.75*SQRT(((D$3^2/8*((2*ACOS(1-2*$A91))-SIN((2*ACOS(1-2*$A91)))))/(D$3*(2*ACOS(1-2*$A91))/2)))*(SQRT(К1!$H$9)-0.1))/К1!$H$9*SQRT(((D$3^2/8*((2*ACOS(1-2*$A91))-SIN((2*ACOS(1-2*$A91)))))/(D$3*(2*ACOS(1-2*$A91))/2))*D$4) -> 13.639665 | E91: =1000*(E$3^2/8*((2*ACOS(1-2*$A91))-SIN((2*ACOS(1-2*$A91)))))*((E$3^2/8*((2*ACOS(1-2*$A91))-SIN((2*ACOS(1-2*$A91)))))/(E$3*(2*ACOS(1-2*$A91))/2))^(2.5*SQRT(К1!$H$9)-0.13-0.75*SQRT(((E$3^2/8*((2*ACOS(1-2*$A91))-SIN((2*ACOS(1-2*$A91)))))/(E$3*(2*ACOS(1-2*$A91))/2)))*(SQRT(К1!$H$9)-0.1))/К1!$H$9*SQRT(((E$3^2/8*((2*ACOS(1-2*$A91))-SIN((2*ACOS(1-2*$A91)))))/(E$3*(2*ACOS(1-2*$A91))/2))*E$4) -> 13.639665 | F91: =1000*(F$3^2/8*((2*ACOS(1-2*$A91))-SIN((2*ACOS(1-2*$A91)))))*((F$3^2/8*((2*ACOS(1-2*$A91))-SIN((2*ACOS(1-2*$A91)))))/(F$3*(2*ACOS(1-2*$A91))/2))^(2.5*SQRT(К1!$H$9)-0.13-0.75*SQRT(((F$3^2/8*((2*ACOS(1-2*$A91))-SIN((2*ACOS(1-2*$A91)))))/(F$3*(2*ACOS(1-2*$A91))/2)))*(SQRT(К1!$H$9)-0.1))/К1!$H$9*SQRT(((F$3^2/8*((2*ACOS(1-2*$A91))-SIN((2*ACOS(1-2*$A91)))))/(F$3*(2*ACOS(1-2*$A91))/2))*F$4) -> 13.639665
